parentEventID	eventID	eventDateStart	eventDateEnd	collector1	collector2	collector3	collector4	collector1Orcid	collector2Orcid	collector3Orcid	collector4Orcid	timeStartUtc3	timeEndUtc3	latitudeStartDegree	latitudeStartDecimalMinutes	longitudeStartDegree	longitudeStartDecimalMinutes	latitudeEndDegree	latitudeEndDecimalMinutes	longitudeEndDegree	longitudeEndDecimalMinutes	latitudeStart	longitudeStart	latitudeEnd	longitudeEnd	stationName	minimumDepthInMeters	maximumDepthInMeters	maximumElevationInMeters	habitat	gearType	eventRemarks	samplingProtocol	locality	higherGeographyID	footprintWKT	decimalLatitude	decimalLongitude	distance_m	coordinateUncertaintyInMeters	cuim_defaulted	t_start_utc	t_end_utc	is_multi_day	eventDate	eventTime	recordedBy	recordedByID
https://www.wikidata.org/entity/Q119843670	AT_1	2023-02-20T00:00:00Z	2023-02-21T00:00:00Z	Henri Robert								1899-12-31T10:10:00Z	1899-12-31T16:30:00Z	66	0.083	65	47.249	66	0.0083	65	47.249	-66.0014	-65.7875	-66.0001	-65.7875	Dodman Island	21	21			Amphipod Trap	Amphipod trap deployment and retrieval	Amphipod Trap | https://doi.org/10.5281/zenodo.8013721 | Baited amphipod traps (AT) were used to capture scavenging communities present in the area. The custom traps were composed of a coarse plastic mesh protecting a 500 µm fine mesh rolled around two PVC rings to produce a 15 × 40 cm cylinder. Both ends of the trap were equipped with inward-facing funnels (2 cm opening) to prevent organisms from escaping. Fresh mackerel and squid enclosed in a fine mesh tea-bag were used as bait. Traps were deployed in pairs, secured together with a metal frame, anchored with a 5 kg ballast weight, and connected to a surface buoy. Deployment duration ranged from 24 to 36 hours.	Dodman Island	https://data.aad.gov.au/aadc/gaz/scar/display_name.cfm?gaz_id=108535	LINESTRING (-65.7875 -66.0014, -65.7875 -66.0001)	-66.0008	-65.7875	144.71533803130328	72	FALSE	13:10:00	19:30:00	TRUE	2023-02-20T13:10:00Z/2023-02-21T19:30:00Z		Henri Robert	
https://www.wikidata.org/entity/Q119843670	AT_2	2023-02-24T00:00:00Z	2023-02-25T00:00:00Z	Henri Robert								1899-12-31T12:00:00Z	1899-12-31T07:30:00Z	65	59.9	65	47.386	66	0.521	65	46.759	-65.9983	-65.7898	-66.0087	-65.7793	Dodman Island		50			Amphipod Trap	Amphipod trap deployment and retrieval	Amphipod Trap | https://doi.org/10.5281/zenodo.8013721 | Baited amphipod traps (AT) were used to capture scavenging communities present in the area. The custom traps were composed of a coarse plastic mesh protecting a 500 µm fine mesh rolled around two PVC rings to produce a 15 × 40 cm cylinder. Both ends of the trap were equipped with inward-facing funnels (2 cm opening) to prevent organisms from escaping. Fresh mackerel and squid enclosed in a fine mesh tea-bag were used as bait. Traps were deployed in pairs, secured together with a metal frame, anchored with a 5 kg ballast weight, and connected to a surface buoy. Deployment duration ranged from 24 to 36 hours.	Dodman Island	https://data.aad.gov.au/aadc/gaz/scar/display_name.cfm?gaz_id=108535	LINESTRING (-65.7898 -65.9983, -65.7793 -66.0087)	-66.0035	-65.7846	1251.5111752435803	626	FALSE	15:00:00	10:30:00	TRUE	2023-02-24T15:00:00Z/2023-02-25T10:30:00Z		Henri Robert	
https://www.wikidata.org/entity/Q119843670	AT_3	2023-02-26T00:00:00Z	2023-02-27T00:00:00Z	Henri Robert								1899-12-31T11:30:00Z	1899-12-31T17:00:00Z	66	0.575	65	46.303	66	0.5751	65	46.303	-66.0096	-65.7717			Dodman Island	60				Amphipod Trap	Amphipod trap deployment and retrieval | coordinateUncertaintyInMeters defaulted from gearType=Amphipod Trap	Amphipod Trap | https://doi.org/10.5281/zenodo.8013721 | Baited amphipod traps (AT) were used to capture scavenging communities present in the area. The custom traps were composed of a coarse plastic mesh protecting a 500 µm fine mesh rolled around two PVC rings to produce a 15 × 40 cm cylinder. Both ends of the trap were equipped with inward-facing funnels (2 cm opening) to prevent organisms from escaping. Fresh mackerel and squid enclosed in a fine mesh tea-bag were used as bait. Traps were deployed in pairs, secured together with a metal frame, anchored with a 5 kg ballast weight, and connected to a surface buoy. Deployment duration ranged from 24 to 36 hours.	Dodman Island	https://data.aad.gov.au/aadc/gaz/scar/display_name.cfm?gaz_id=108535		-66.0096	-65.7717		1000	TRUE	14:30:00	20:00:00	TRUE	2023-02-26T14:30:00Z/2023-02-27T20:00:00Z		Henri Robert	
https://www.wikidata.org/entity/Q119843670	AT_4	2023-03-02T00:00:00Z	2023-03-04T00:00:00Z	Henri Robert								1899-12-31T13:00:00Z	1899-12-31T08:30:00Z	67	33.222	67	13.146	67	33.222	67	13.146	-67.5537	-67.2191			Blaiklock Island		24			Amphipod Trap	Amphipod trap deployment and retrieval | coordinateUncertaintyInMeters defaulted from gearType=Amphipod Trap	Amphipod Trap | https://doi.org/10.5281/zenodo.8013721 | Baited amphipod traps (AT) were used to capture scavenging communities present in the area. The custom traps were composed of a coarse plastic mesh protecting a 500 µm fine mesh rolled around two PVC rings to produce a 15 × 40 cm cylinder. Both ends of the trap were equipped with inward-facing funnels (2 cm opening) to prevent organisms from escaping. Fresh mackerel and squid enclosed in a fine mesh tea-bag were used as bait. Traps were deployed in pairs, secured together with a metal frame, anchored with a 5 kg ballast weight, and connected to a surface buoy. Deployment duration ranged from 24 to 36 hours.	Blaiklock Island	https://data.aad.gov.au/aadc/gaz/scar/display_name.cfm?gaz_id=107831		-67.5537	-67.2191		1000	TRUE	16:00:00	11:30:00	TRUE	2023-03-02T16:00:00Z/2023-03-04T11:30:00Z		Henri Robert	
https://www.wikidata.org/entity/Q119843670	AT_5	2023-03-05T00:00:00Z	2023-03-07T00:00:00Z	Henri Robert								1899-12-31T18:30:00Z	1899-12-31T09:30:00Z	67	30.9	67	5.977	67	30.9	67	5.977	-67.515	-67.0996			Blaiklock Island	23	23			Amphipod Trap	Amphipod trap deployment and retrieval | coordinateUncertaintyInMeters defaulted from gearType=Amphipod Trap	Amphipod Trap | https://doi.org/10.5281/zenodo.8013721 | Baited amphipod traps (AT) were used to capture scavenging communities present in the area. The custom traps were composed of a coarse plastic mesh protecting a 500 µm fine mesh rolled around two PVC rings to produce a 15 × 40 cm cylinder. Both ends of the trap were equipped with inward-facing funnels (2 cm opening) to prevent organisms from escaping. Fresh mackerel and squid enclosed in a fine mesh tea-bag were used as bait. Traps were deployed in pairs, secured together with a metal frame, anchored with a 5 kg ballast weight, and connected to a surface buoy. Deployment duration ranged from 24 to 36 hours.	Blaiklock Island	https://data.aad.gov.au/aadc/gaz/scar/display_name.cfm?gaz_id=107831		-67.515	-67.0996		1000	TRUE	21:30:00	12:30:00	TRUE	2023-03-05T21:30:00Z/2023-03-07T12:30:00Z		Henri Robert	
https://www.wikidata.org/entity/Q119843670	BATHY_XX_1	2023-03-01T00:00:00Z		Ben Wallis																						Blaiklock Island					Mavic 2 PRO drone aerial mapping	DroneDeploy Photogrammetry | coordinateUncertaintyInMeters defaulted from gearType=Mavic 2 PRO drone aerial mapping	Mavic 2 PRO drone aerial mapping | https://doi.org/10.5281/zenodo.8013721 | The drone (DJI MavicPro2) was deployed when weather conditions allowed (wind velocity <10 kts, good visibility). Aerial survey imagery consisted in flying the drone at high altitude (approximately 500 m) and manually taking high-resolution images of the general setup of the working area. Mapping operations consisted in flying the drone along a pre-programmed automated flight path at an altitude of approximately 60 m, resulting in a sequence of georeferenced images suitable for orthomosaic and photogrammetric processing.	Blaiklock Island	https://data.aad.gov.au/aadc/gaz/scar/display_name.cfm?gaz_id=107831					1000	TRUE			FALSE	2023-03-01		Ben Wallis	
https://www.wikidata.org/entity/Q119843670	BATHY_XX_2	2023-03-02T00:00:00Z		Ben Wallis																						Blaiklock Island					Fine-scale bathymetry	coordinateUncertaintyInMeters defaulted from gearType=Fine-scale bathymetry	Fine-scale bathymetry | https://doi.org/10.5281/zenodo.8013721 | A special effort was devoted to generate fine-scale bathymetric charts for sampling areas before and during sampling operations. Bathymetric charts were generated using the ReefMaster v2.0 software based on data collected with the RV Australis onboard single-beam echosounder (Furuno FCV 295) and a portable echosounder (Humminbird Helix 5) mounted on the Bombard C4 tender for shallow areas.	Blaiklock Island	https://data.aad.gov.au/aadc/gaz/scar/display_name.cfm?gaz_id=107831					1000	TRUE			FALSE	2023-03-02		Ben Wallis	
https://www.wikidata.org/entity/Q119843670	BATHY_XX_3	2023-03-03T00:00:00Z		Ben Wallis																						Blaiklock Island					Mavic 2 PRO drone aerial mapping	DroneDeploy Photogrammetry | coordinateUncertaintyInMeters defaulted from gearType=Mavic 2 PRO drone aerial mapping	Mavic 2 PRO drone aerial mapping | https://doi.org/10.5281/zenodo.8013721 | The drone (DJI MavicPro2) was deployed when weather conditions allowed (wind velocity <10 kts, good visibility). Aerial survey imagery consisted in flying the drone at high altitude (approximately 500 m) and manually taking high-resolution images of the general setup of the working area. Mapping operations consisted in flying the drone along a pre-programmed automated flight path at an altitude of approximately 60 m, resulting in a sequence of georeferenced images suitable for orthomosaic and photogrammetric processing.	Blaiklock Island	https://data.aad.gov.au/aadc/gaz/scar/display_name.cfm?gaz_id=107831					1000	TRUE			FALSE	2023-03-03		Ben Wallis	
https://www.wikidata.org/entity/Q119843670	BATHY_XX_4	2023-03-03T00:00:00Z		Ben Wallis																						Blaiklock Island					Fine-scale bathymetry	coordinateUncertaintyInMeters defaulted from gearType=Fine-scale bathymetry	Fine-scale bathymetry | https://doi.org/10.5281/zenodo.8013721 | A special effort was devoted to generate fine-scale bathymetric charts for sampling areas before and during sampling operations. Bathymetric charts were generated using the ReefMaster v2.0 software based on data collected with the RV Australis onboard single-beam echosounder (Furuno FCV 295) and a portable echosounder (Humminbird Helix 5) mounted on the Bombard C4 tender for shallow areas.	Blaiklock Island	https://data.aad.gov.au/aadc/gaz/scar/display_name.cfm?gaz_id=107831					1000	TRUE			FALSE	2023-03-03		Ben Wallis	
https://www.wikidata.org/entity/Q119843670	CTD_1	2023-02-19T00:00:00Z		Axelle Brusselman				https://orcid.org/0009-0002-6669-2911				1899-12-31T18:00:00Z	1899-12-31T18:30:00Z	66	0.016	65	46.643					-66.0003	-65.7774			Dodman Island	0	0			STAR_ODDI DST CTD	coordinateUncertaintyInMeters defaulted from gearType=STAR_ODDI DST CTD	STAR_ODDI DST CTD | https://doi.org/10.5281/zenodo.8013721 | Vertical salinity and temperature profiles were performed using ODDI sensors for depth, salinity and temperature, together with a HOBO light sensor. The sensor was conditioned in cold seawater prior to deployment, held briefly at the surface, and then lowered slowly through the water column from the surface to near-bottom.	Dodman Island	https://data.aad.gov.au/aadc/gaz/scar/display_name.cfm?gaz_id=108535		-66.0003	-65.7774		100	TRUE	21:00:00	21:30:00	FALSE	2023-02-19	21:00:00Z/21:30:00Z	Axelle Brusselman	https://orcid.org/0009-0002-6669-2911
https://www.wikidata.org/entity/Q119843670	CTD_11	2023-03-05T00:00:00Z		Axelle Brusselman	Bruno Delille	Bruno Danis		https://orcid.org/0009-0002-6669-2911	https://orcid.org/0000-0003-0502-8101	https://orcid.org/0000-0002-9037-7623		1899-12-31T14:33:00Z	1899-12-31T15:00:00Z	67	30.3081	67	3.104					-67.5051	-67.0517			Blaiklock Island		19.2			CTD casts	coordinateUncertaintyInMeters defaulted from gearType=CTD casts	CTD casts | https://doi.org/10.5281/zenodo.8013721 | In total, CTD profiles were taken at multiple locations to characterise the water column. Vertical temperature and salinity profiles were obtained by lowering CTD sensors through the water column from the surface to near-bottom.	Blaiklock Island	https://data.aad.gov.au/aadc/gaz/scar/display_name.cfm?gaz_id=107831		-67.5051	-67.0517		1000	TRUE	17:33:00	18:00:00	FALSE	2023-03-05	17:33:00Z/18:00:00Z	Axelle Brusselman | Bruno Delille | Bruno Danis	https://orcid.org/0009-0002-6669-2911 | https://orcid.org/0000-0003-0502-8101 | https://orcid.org/0000-0002-9037-7623
https://www.wikidata.org/entity/Q119843670	CTD_13	2023-03-07T00:00:00Z		Bruno Delille	Axelle Brusselman			https://orcid.org/0000-0003-0502-8101	https://orcid.org/0009-0002-6669-2911			1899-12-31T10:15:00Z	1899-12-31T10:45:00Z	67	30.905	67	5.999					-67.5151	-67.1			Blaiklock Island					CTD casts	coordinateUncertaintyInMeters defaulted from gearType=CTD casts	CTD casts | https://doi.org/10.5281/zenodo.8013721 | In total, CTD profiles were taken at multiple locations to characterise the water column. Vertical temperature and salinity profiles were obtained by lowering CTD sensors through the water column from the surface to near-bottom.	Blaiklock Island	https://data.aad.gov.au/aadc/gaz/scar/display_name.cfm?gaz_id=107831		-67.5151	-67.1		1000	TRUE	13:15:00	13:45:00	FALSE	2023-03-07	13:15:00Z/13:45:00Z	Bruno Delille | Axelle Brusselman	https://orcid.org/0000-0003-0502-8101 | https://orcid.org/0009-0002-6669-2911
https://www.wikidata.org/entity/Q119843670	CTD_14	2023-03-07T00:00:00Z		Bruno Delille	Axelle Brusselman			https://orcid.org/0000-0003-0502-8101	https://orcid.org/0009-0002-6669-2911			1899-12-31T14:26:00Z	1899-12-31T15:05:00Z	67	30.195	67	7.834					-67.5032	-67.1306			Blaiklock Island					CTD casts	coordinateUncertaintyInMeters defaulted from gearType=CTD casts	CTD casts | https://doi.org/10.5281/zenodo.8013721 | In total, CTD profiles were taken at multiple locations to characterise the water column. Vertical temperature and salinity profiles were obtained by lowering CTD sensors through the water column from the surface to near-bottom.	Blaiklock Island	https://data.aad.gov.au/aadc/gaz/scar/display_name.cfm?gaz_id=107831		-67.5032	-67.1306		1000	TRUE	17:26:00	18:05:00	FALSE	2023-03-07	17:26:00Z/18:05:00Z	Bruno Delille | Axelle Brusselman	https://orcid.org/0000-0003-0502-8101 | https://orcid.org/0009-0002-6669-2911
https://www.wikidata.org/entity/Q119843670	CTD_2	2023-02-20T00:00:00Z		Bruno Delille	Axelle Brusselman			https://orcid.org/0000-0003-0502-8101	https://orcid.org/0009-0002-6669-2911			1899-12-31T08:25:00Z	1899-12-31T09:00:00Z	66	0.016	65	46.643					-66.0003	-65.7774			Dodman Island	0				STAR_ODDI DST CTD	Test | coordinateUncertaintyInMeters defaulted from gearType=STAR_ODDI DST CTD	STAR_ODDI DST CTD | https://doi.org/10.5281/zenodo.8013721 | Vertical salinity and temperature profiles were performed using ODDI sensors for depth, salinity and temperature, together with a HOBO light sensor. The sensor was conditioned in cold seawater prior to deployment, held briefly at the surface, and then lowered slowly through the water column from the surface to near-bottom.	Dodman Island	https://data.aad.gov.au/aadc/gaz/scar/display_name.cfm?gaz_id=108535		-66.0003	-65.7774		100	TRUE	11:25:00	12:00:00	FALSE	2023-02-20	11:25:00Z/12:00:00Z	Bruno Delille | Axelle Brusselman	https://orcid.org/0000-0003-0502-8101 | https://orcid.org/0009-0002-6669-2911
https://www.wikidata.org/entity/Q119843670	CTD_3	2023-02-20T00:00:00Z		Bruno Delille	Axelle Brusselman			https://orcid.org/0000-0003-0502-8101	https://orcid.org/0009-0002-6669-2911			1899-12-31T10:20:00Z	1899-12-31T10:30:00Z	66	0.016	65	46.643					-66.0003	-65.7774			Dodman Island	0				STAR_ODDI DST CTD	Test | coordinateUncertaintyInMeters defaulted from gearType=STAR_ODDI DST CTD	STAR_ODDI DST CTD | https://doi.org/10.5281/zenodo.8013721 | Vertical salinity and temperature profiles were performed using ODDI sensors for depth, salinity and temperature, together with a HOBO light sensor. The sensor was conditioned in cold seawater prior to deployment, held briefly at the surface, and then lowered slowly through the water column from the surface to near-bottom.	Dodman Island	https://data.aad.gov.au/aadc/gaz/scar/display_name.cfm?gaz_id=108535		-66.0003	-65.7774		100	TRUE	13:20:00	13:30:00	FALSE	2023-02-20	13:20:00Z/13:30:00Z	Bruno Delille | Axelle Brusselman	https://orcid.org/0000-0003-0502-8101 | https://orcid.org/0009-0002-6669-2911
https://www.wikidata.org/entity/Q119843670	CTD_4	2023-02-20T00:00:00Z		Bruno Delille	Axelle Brusselman			https://orcid.org/0000-0003-0502-8101	https://orcid.org/0009-0002-6669-2911			1899-12-31T11:19:00Z	1899-12-31T12:00:00Z	66	0.016	65	46.643					-66.0003	-65.7774			Dodman Island	0				STAR_ODDI DST CTD	coordinateUncertaintyInMeters defaulted from gearType=STAR_ODDI DST CTD	STAR_ODDI DST CTD | https://doi.org/10.5281/zenodo.8013721 | Vertical salinity and temperature profiles were performed using ODDI sensors for depth, salinity and temperature, together with a HOBO light sensor. The sensor was conditioned in cold seawater prior to deployment, held briefly at the surface, and then lowered slowly through the water column from the surface to near-bottom.	Dodman Island	https://data.aad.gov.au/aadc/gaz/scar/display_name.cfm?gaz_id=108535		-66.0003	-65.7774		100	TRUE	14:19:00	15:00:00	FALSE	2023-02-20	14:19:00Z/15:00:00Z	Bruno Delille | Axelle Brusselman	https://orcid.org/0000-0003-0502-8101 | https://orcid.org/0009-0002-6669-2911
https://www.wikidata.org/entity/Q119843670	CTD_5	2023-02-21T00:00:00Z		Bruno Delille	Axelle Brusselman			https://orcid.org/0000-0003-0502-8101	https://orcid.org/0009-0002-6669-2911			1899-12-31T08:52:00Z	1899-12-31T08:54:00Z	66	0.016	65	46.643					-66.0003	-65.7774			Dodman Island	0	16.3			CTD casts	coordinateUncertaintyInMeters defaulted from gearType=CTD casts	CTD casts | https://doi.org/10.5281/zenodo.8013721 | In total, CTD profiles were taken at multiple locations to characterise the water column. Vertical temperature and salinity profiles were obtained by lowering CTD sensors through the water column from the surface to near-bottom.	Dodman Island	https://data.aad.gov.au/aadc/gaz/scar/display_name.cfm?gaz_id=108535		-66.0003	-65.7774		1000	TRUE	11:52:00	11:54:00	FALSE	2023-02-21	11:52:00Z/11:54:00Z	Bruno Delille | Axelle Brusselman	https://orcid.org/0000-0003-0502-8101 | https://orcid.org/0009-0002-6669-2911
https://www.wikidata.org/entity/Q119843670	CTD_6	2023-02-23T00:00:00Z		Bruno Delille	Axelle Brusselman			https://orcid.org/0000-0003-0502-8101	https://orcid.org/0009-0002-6669-2911			1899-12-31T11:52:00Z	1899-12-31T11:55:00Z	66	0.027	65	46.75					-66.0004	-65.7792			Dodman Island					CTD casts	coordinateUncertaintyInMeters defaulted from gearType=CTD casts	CTD casts | https://doi.org/10.5281/zenodo.8013721 | In total, CTD profiles were taken at multiple locations to characterise the water column. Vertical temperature and salinity profiles were obtained by lowering CTD sensors through the water column from the surface to near-bottom.	Dodman Island	https://data.aad.gov.au/aadc/gaz/scar/display_name.cfm?gaz_id=108535		-66.0004	-65.7792		1000	TRUE	14:52:00	14:55:00	FALSE	2023-02-23	14:52:00Z/14:55:00Z	Bruno Delille | Axelle Brusselman	https://orcid.org/0000-0003-0502-8101 | https://orcid.org/0009-0002-6669-2911
https://www.wikidata.org/entity/Q119843670	CTD_7	2023-02-25T00:00:00Z		Bruno Delille	Axelle Brusselman			https://orcid.org/0000-0003-0502-8101	https://orcid.org/0009-0002-6669-2911			1899-12-31T16:30:00Z	1899-12-31T16:50:00Z	66	1.225	65	50.694					-66.0204	-65.8449			Grandidier Channel	0	100			CTD casts	coordinateUncertaintyInMeters defaulted from gearType=CTD casts	CTD casts | https://doi.org/10.5281/zenodo.8013721 | In total, CTD profiles were taken at multiple locations to characterise the water column. Vertical temperature and salinity profiles were obtained by lowering CTD sensors through the water column from the surface to near-bottom.	Grandidier Channel	https://data.aad.gov.au/aadc/gaz/scar/display_name.cfm?gaz_id=109091		-66.0204	-65.8449		1000	TRUE	19:30:00	19:50:00	FALSE	2023-02-25	19:30:00Z/19:50:00Z	Bruno Delille | Axelle Brusselman	https://orcid.org/0000-0003-0502-8101 | https://orcid.org/0009-0002-6669-2911
https://www.wikidata.org/entity/Q119843670	CTD_8	2023-03-02T00:00:00Z		Bruno Delille	Axelle Brusselman			https://orcid.org/0000-0003-0502-8101	https://orcid.org/0009-0002-6669-2911			1899-12-31T11:06:00Z	1899-12-31T11:50:00Z	67	33.112	67	12.89					-67.5519	-67.2148			Blaiklock Island					CTD casts	coordinateUncertaintyInMeters defaulted from gearType=CTD casts	CTD casts | https://doi.org/10.5281/zenodo.8013721 | In total, CTD profiles were taken at multiple locations to characterise the water column. Vertical temperature and salinity profiles were obtained by lowering CTD sensors through the water column from the surface to near-bottom.	Blaiklock Island	https://data.aad.gov.au/aadc/gaz/scar/display_name.cfm?gaz_id=107831		-67.5519	-67.2148		1000	TRUE	14:06:00	14:50:00	FALSE	2023-03-02	14:06:00Z/14:50:00Z	Bruno Delille | Axelle Brusselman	https://orcid.org/0000-0003-0502-8101 | https://orcid.org/0009-0002-6669-2911
https://www.wikidata.org/entity/Q119843670	CTD_9	2023-03-04T00:00:00Z		Bruno Delille	Axelle Brusselman			https://orcid.org/0000-0003-0502-8101	https://orcid.org/0009-0002-6669-2911			1899-12-31T11:10:00Z	1899-12-31T11:20:00Z	67	32.994	67	14.852					-67.5499	-67.2475			Blaiklock Island	0	16			CTD casts	coordinateUncertaintyInMeters defaulted from gearType=CTD casts	CTD casts | https://doi.org/10.5281/zenodo.8013721 | In total, CTD profiles were taken at multiple locations to characterise the water column. Vertical temperature and salinity profiles were obtained by lowering CTD sensors through the water column from the surface to near-bottom.	Blaiklock Island	https://data.aad.gov.au/aadc/gaz/scar/display_name.cfm?gaz_id=107831		-67.5499	-67.2475		1000	TRUE	14:10:00	14:20:00	FALSE	2023-03-04	14:10:00Z/14:20:00Z	Bruno Delille | Axelle Brusselman	https://orcid.org/0000-0003-0502-8101 | https://orcid.org/0009-0002-6669-2911
https://www.wikidata.org/entity/Q119843670	CYANO_1	2023-02-22T00:00:00Z		Bruno Delille	Axelle Brusselman			https://orcid.org/0000-0003-0502-8101	https://orcid.org/0009-0002-6669-2911			1899-12-31T18:45:00Z	1899-12-31T19:00:00Z									-65.4686	-65.996			Dodman Island		0			Cyanobacteria sampling	coordinateUncertaintyInMeters defaulted from gearType=Cyanobacteria sampling	Cyanobacteria sampling | https://doi.org/10.5281/zenodo.8013721 | Cyanobacteria sampling targeted colored ice and biofilms covering intertidal rocks. Intertidal rock biofilms were collected using disinfected metal tools and stored in sterile containers, while colored ice patches were sawed and stored in clean bags. Samples were preserved and stored frozen shortly after collection.	Dodman Island	https://data.aad.gov.au/aadc/gaz/scar/display_name.cfm?gaz_id=108535		-65.4686	-65.996		1000	TRUE	21:45:00	22:00:00	FALSE	2023-02-22	21:45:00Z/22:00:00Z	Bruno Delille | Axelle Brusselman	https://orcid.org/0000-0003-0502-8101 | https://orcid.org/0009-0002-6669-2911
https://www.wikidata.org/entity/Q119843670	CYANO_2	2023-02-23T00:00:00Z		Bruno Delille	Axelle Brusselman			https://orcid.org/0000-0003-0502-8101	https://orcid.org/0009-0002-6669-2911			1899-12-31T18:07:00Z	1899-12-31T18:27:00Z	65	59.94	65	46.87					-65.999	-65.7812			Dodman Island					Cyanobacteria sampling	coordinateUncertaintyInMeters defaulted from gearType=Cyanobacteria sampling	Cyanobacteria sampling | https://doi.org/10.5281/zenodo.8013721 | Cyanobacteria sampling targeted colored ice and biofilms covering intertidal rocks. Intertidal rock biofilms were collected using disinfected metal tools and stored in sterile containers, while colored ice patches were sawed and stored in clean bags. Samples were preserved and stored frozen shortly after collection.	Dodman Island	https://data.aad.gov.au/aadc/gaz/scar/display_name.cfm?gaz_id=108535		-65.999	-65.7812		1000	TRUE	21:07:00	21:27:00	FALSE	2023-02-23	21:07:00Z/21:27:00Z	Bruno Delille | Axelle Brusselman	https://orcid.org/0000-0003-0502-8101 | https://orcid.org/0009-0002-6669-2911
https://www.wikidata.org/entity/Q119843670	CYANO_3	2023-02-27T00:00:00Z		Axelle Brusselman	Maria Amenabar	Annette Bombosch		https://orcid.org/0009-0002-6669-2911				1899-12-31T15:54:00Z	1899-12-31T16:40:00Z	66	0.05715	65	46.4785					-66.001	-65.7746			Dodman Island					Cyanobacteria sampling	coordinateUncertaintyInMeters defaulted from gearType=Cyanobacteria sampling	Cyanobacteria sampling | https://doi.org/10.5281/zenodo.8013721 | Cyanobacteria sampling targeted colored ice and biofilms covering intertidal rocks. Intertidal rock biofilms were collected using disinfected metal tools and stored in sterile containers, while colored ice patches were sawed and stored in clean bags. Samples were preserved and stored frozen shortly after collection.	Dodman Island	https://data.aad.gov.au/aadc/gaz/scar/display_name.cfm?gaz_id=108535		-66.001	-65.7746		1000	TRUE	18:54:00	19:40:00	FALSE	2023-02-27	18:54:00Z/19:40:00Z	Axelle Brusselman | Maria Amenabar | Annette Bombosch	https://orcid.org/0009-0002-6669-2911
https://www.wikidata.org/entity/Q119843670	CYANO_4	2023-02-27T00:00:00Z		Axelle Brusselman	Maria Amenabar	Annette Bombosch		https://orcid.org/0009-0002-6669-2911				1899-12-31T16:50:00Z	1899-12-31T17:30:00Z	66	0.0965	65	45.842					-66.0016	-65.764			Dodman Island					Cyanobacteria sampling	coordinateUncertaintyInMeters defaulted from gearType=Cyanobacteria sampling	Cyanobacteria sampling | https://doi.org/10.5281/zenodo.8013721 | Cyanobacteria sampling targeted colored ice and biofilms covering intertidal rocks. Intertidal rock biofilms were collected using disinfected metal tools and stored in sterile containers, while colored ice patches were sawed and stored in clean bags. Samples were preserved and stored frozen shortly after collection.	Dodman Island	https://data.aad.gov.au/aadc/gaz/scar/display_name.cfm?gaz_id=108535		-66.0016	-65.764		1000	TRUE	19:50:00	20:30:00	FALSE	2023-02-27	19:50:00Z/20:30:00Z	Axelle Brusselman | Maria Amenabar | Annette Bombosch	https://orcid.org/0009-0002-6669-2911
https://www.wikidata.org/entity/Q119843670	CYANO_5	2023-03-02T00:00:00Z		Axelle Brusselman				https://orcid.org/0009-0002-6669-2911				1899-12-31T16:20:00Z	1899-12-31T17:30:00Z	67	33.1841	67	12.6956					-67.5531	-67.2116			Blaiklock Island					Cyanobacteria sampling	coordinateUncertaintyInMeters defaulted from gearType=Cyanobacteria sampling	Cyanobacteria sampling | https://doi.org/10.5281/zenodo.8013721 | Cyanobacteria sampling targeted colored ice and biofilms covering intertidal rocks. Intertidal rock biofilms were collected using disinfected metal tools and stored in sterile containers, while colored ice patches were sawed and stored in clean bags. Samples were preserved and stored frozen shortly after collection.	Blaiklock Island	https://data.aad.gov.au/aadc/gaz/scar/display_name.cfm?gaz_id=107831		-67.5531	-67.2116		1000	TRUE	19:20:00	20:30:00	FALSE	2023-03-02	19:20:00Z/20:30:00Z	Axelle Brusselman	https://orcid.org/0009-0002-6669-2911
https://www.wikidata.org/entity/Q119843670	DR_1	2023-02-19T00:00:00Z		Bruno Danis				https://orcid.org/0000-0002-9037-7623				1899-12-31T09:17:00Z	1899-12-31T09:27:00Z	66	0.016	65	46.643					-66.0003	-65.7774			Dodman Island			500		Mavic 2 PRO drone aerial mapping	Scouting, 500m alt | coordinateUncertaintyInMeters defaulted from gearType=Mavic 2 PRO drone aerial mapping	Mavic 2 PRO drone aerial mapping | https://doi.org/10.5281/zenodo.8013721 | The drone (DJI MavicPro2) was deployed when weather conditions allowed (wind velocity <10 kts, good visibility). Aerial survey imagery consisted in flying the drone at high altitude (approximately 500 m) and manually taking high-resolution images of the general setup of the working area. Mapping operations consisted in flying the drone along a pre-programmed automated flight path at an altitude of approximately 60 m, resulting in a sequence of georeferenced images suitable for orthomosaic and photogrammetric processing.	Dodman Island	https://data.aad.gov.au/aadc/gaz/scar/display_name.cfm?gaz_id=108535		-66.0003	-65.7774		1000	TRUE	12:17:00	12:27:00	FALSE	2023-02-19	12:17:00Z/12:27:00Z	Bruno Danis	https://orcid.org/0000-0002-9037-7623
https://www.wikidata.org/entity/Q119843670	DR_2	2023-03-03T00:00:00Z		Bruno Danis				https://orcid.org/0000-0002-9037-7623				1899-12-31T09:28:00Z	1899-12-31T10:45:00Z	67	33.112	67	12.89					-67.5519	-67.2148			Blaiklock Island			500		Mavic 2 PRO drone aerial mapping	coordinateUncertaintyInMeters defaulted from gearType=Mavic 2 PRO drone aerial mapping	Mavic 2 PRO drone aerial mapping | https://doi.org/10.5281/zenodo.8013721 | The drone (DJI MavicPro2) was deployed when weather conditions allowed (wind velocity <10 kts, good visibility). Aerial survey imagery consisted in flying the drone at high altitude (approximately 500 m) and manually taking high-resolution images of the general setup of the working area. Mapping operations consisted in flying the drone along a pre-programmed automated flight path at an altitude of approximately 60 m, resulting in a sequence of georeferenced images suitable for orthomosaic and photogrammetric processing.	Blaiklock Island	https://data.aad.gov.au/aadc/gaz/scar/display_name.cfm?gaz_id=107831		-67.5519	-67.2148		1000	TRUE	12:28:00	13:45:00	FALSE	2023-03-03	12:28:00Z/13:45:00Z	Bruno Danis	https://orcid.org/0000-0002-9037-7623
https://www.wikidata.org/entity/Q119843670	DR_5	2023-03-07T00:00:00Z		Bruno Danis				https://orcid.org/0000-0002-9037-7623				1899-12-31T09:10:00Z	1899-12-31T09:15:00Z	67	30.905	67	5.999					-67.5151	-67.1			Blaiklock Island					Mavic 2 PRO drone aerial mapping	coordinateUncertaintyInMeters defaulted from gearType=Mavic 2 PRO drone aerial mapping	Mavic 2 PRO drone aerial mapping | https://doi.org/10.5281/zenodo.8013721 | The drone (DJI MavicPro2) was deployed when weather conditions allowed (wind velocity <10 kts, good visibility). Aerial survey imagery consisted in flying the drone at high altitude (approximately 500 m) and manually taking high-resolution images of the general setup of the working area. Mapping operations consisted in flying the drone along a pre-programmed automated flight path at an altitude of approximately 60 m, resulting in a sequence of georeferenced images suitable for orthomosaic and photogrammetric processing.	Blaiklock Island	https://data.aad.gov.au/aadc/gaz/scar/display_name.cfm?gaz_id=107831		-67.5151	-67.1		1000	TRUE	12:10:00	12:15:00	FALSE	2023-03-07	12:10:00Z/12:15:00Z	Bruno Danis	https://orcid.org/0000-0002-9037-7623
https://www.wikidata.org/entity/Q119843670	DRM_1	2023-02-20T00:00:00Z		Bruno Danis				https://orcid.org/0000-0002-9037-7623				1899-12-31T16:20:00Z	1899-12-31T16:40:00Z	66	0.016	65	46.643					-66.0003	-65.7774			Dodman Island			75	Aerial	Mavic 2 PRO drone aerial mapping	DroneDeploy Photogrammetry | UAV (drone) imagery used | coordinateUncertaintyInMeters defaulted from gearType=Mavic 2 PRO drone aerial mapping	Mavic 2 PRO drone aerial mapping | https://doi.org/10.5281/zenodo.8013721 | The drone (DJI MavicPro2) was deployed when weather conditions allowed (wind velocity <10 kts, good visibility). Aerial survey imagery consisted in flying the drone at high altitude (approximately 500 m) and manually taking high-resolution images of the general setup of the working area. Mapping operations consisted in flying the drone along a pre-programmed automated flight path at an altitude of approximately 60 m, resulting in a sequence of georeferenced images suitable for orthomosaic and photogrammetric processing.	Dodman Island	https://data.aad.gov.au/aadc/gaz/scar/display_name.cfm?gaz_id=108535		-66.0003	-65.7774		1000	TRUE	19:20:00	19:40:00	FALSE	2023-02-20	19:20:00Z/19:40:00Z	Bruno Danis	https://orcid.org/0000-0002-9037-7623
https://www.wikidata.org/entity/Q119843670	DRM_10	2023-03-05T00:00:00Z		Bruno Danis				https://orcid.org/0000-0002-9037-7623				1899-12-31T17:00:00Z	1899-12-31T17:20:00Z	67	30.3081	67	3.104					-67.5051	-67.0517			Blaiklock Island			60	Aerial	Mavic 2 PRO drone aerial mapping	DroneDeploy Photogrammetry | UAV (drone) imagery used | coordinateUncertaintyInMeters defaulted from gearType=Mavic 2 PRO drone aerial mapping	Mavic 2 PRO drone aerial mapping | https://doi.org/10.5281/zenodo.8013721 | The drone (DJI MavicPro2) was deployed when weather conditions allowed (wind velocity <10 kts, good visibility). Aerial survey imagery consisted in flying the drone at high altitude (approximately 500 m) and manually taking high-resolution images of the general setup of the working area. Mapping operations consisted in flying the drone along a pre-programmed automated flight path at an altitude of approximately 60 m, resulting in a sequence of georeferenced images suitable for orthomosaic and photogrammetric processing.	Blaiklock Island	https://data.aad.gov.au/aadc/gaz/scar/display_name.cfm?gaz_id=107831		-67.5051	-67.0517		1000	TRUE	20:00:00	20:20:00	FALSE	2023-03-05	20:00:00Z/20:20:00Z	Bruno Danis	https://orcid.org/0000-0002-9037-7623
https://www.wikidata.org/entity/Q119843670	DRM_11	2023-03-07T00:00:00Z		Bruno Danis				https://orcid.org/0000-0002-9037-7623				1899-12-31T11:10:00Z	1899-12-31T11:40:00Z	67	30.905	67	5.999					-67.5151	-67.1			Blaiklock Island			60	Aerial	Mavic 2 PRO drone aerial mapping	DroneDeploy Photogrammetry | UAV (drone) imagery used | coordinateUncertaintyInMeters defaulted from gearType=Mavic 2 PRO drone aerial mapping	Mavic 2 PRO drone aerial mapping | https://doi.org/10.5281/zenodo.8013721 | The drone (DJI MavicPro2) was deployed when weather conditions allowed (wind velocity <10 kts, good visibility). Aerial survey imagery consisted in flying the drone at high altitude (approximately 500 m) and manually taking high-resolution images of the general setup of the working area. Mapping operations consisted in flying the drone along a pre-programmed automated flight path at an altitude of approximately 60 m, resulting in a sequence of georeferenced images suitable for orthomosaic and photogrammetric processing.	Blaiklock Island	https://data.aad.gov.au/aadc/gaz/scar/display_name.cfm?gaz_id=107831		-67.5151	-67.1		1000	TRUE	14:10:00	14:40:00	FALSE	2023-03-07	14:10:00Z/14:40:00Z	Bruno Danis	https://orcid.org/0000-0002-9037-7623
https://www.wikidata.org/entity/Q119843670	DRM_2	2023-02-20T00:00:00Z		Bruno Danis				https://orcid.org/0000-0002-9037-7623				1899-12-31T17:00:00Z	1899-12-31T17:35:00Z	66	0.016	65	46.643					-66.0003	-65.7774			Dodman Island			75	Aerial	Mavic 2 PRO drone aerial mapping	DroneDeploy Photogrammetry | UAV (drone) imagery used | coordinateUncertaintyInMeters defaulted from gearType=Mavic 2 PRO drone aerial mapping	Mavic 2 PRO drone aerial mapping | https://doi.org/10.5281/zenodo.8013721 | The drone (DJI MavicPro2) was deployed when weather conditions allowed (wind velocity <10 kts, good visibility). Aerial survey imagery consisted in flying the drone at high altitude (approximately 500 m) and manually taking high-resolution images of the general setup of the working area. Mapping operations consisted in flying the drone along a pre-programmed automated flight path at an altitude of approximately 60 m, resulting in a sequence of georeferenced images suitable for orthomosaic and photogrammetric processing.	Dodman Island	https://data.aad.gov.au/aadc/gaz/scar/display_name.cfm?gaz_id=108535		-66.0003	-65.7774		1000	TRUE	20:00:00	20:35:00	FALSE	2023-02-20	20:00:00Z/20:35:00Z	Bruno Danis	https://orcid.org/0000-0002-9037-7623
https://www.wikidata.org/entity/Q119843670	DRM_3	2023-02-23T00:00:00Z		Bruno Danis				https://orcid.org/0000-0002-9037-7623				1899-12-31T16:36:00Z	1899-12-31T17:29:00Z	66	0.027	65	46.75					-66.0004	-65.7792			Dodman Island			75	Aerial	Mavic 2 PRO drone aerial mapping	DroneDeploy Photogrammetry | UAV (drone) imagery used | coordinateUncertaintyInMeters defaulted from gearType=Mavic 2 PRO drone aerial mapping	Mavic 2 PRO drone aerial mapping | https://doi.org/10.5281/zenodo.8013721 | The drone (DJI MavicPro2) was deployed when weather conditions allowed (wind velocity <10 kts, good visibility). Aerial survey imagery consisted in flying the drone at high altitude (approximately 500 m) and manually taking high-resolution images of the general setup of the working area. Mapping operations consisted in flying the drone along a pre-programmed automated flight path at an altitude of approximately 60 m, resulting in a sequence of georeferenced images suitable for orthomosaic and photogrammetric processing.	Dodman Island	https://data.aad.gov.au/aadc/gaz/scar/display_name.cfm?gaz_id=108535		-66.0004	-65.7792		1000	TRUE	19:36:00	20:29:00	FALSE	2023-02-23	19:36:00Z/20:29:00Z	Bruno Danis	https://orcid.org/0000-0002-9037-7623
https://www.wikidata.org/entity/Q119843670	DRM_4	2023-02-23T00:00:00Z		Bruno Danis				https://orcid.org/0000-0002-9037-7623				1899-12-31T17:44:00Z	1899-12-31T18:04:00Z	66	0.027	65	46.75					-66.0004	-65.7792			Dodman Island			75	Aerial	Mavic 2 PRO drone aerial mapping	DroneDeploy Photogrammetry | UAV (drone) imagery used | coordinateUncertaintyInMeters defaulted from gearType=Mavic 2 PRO drone aerial mapping	Mavic 2 PRO drone aerial mapping | https://doi.org/10.5281/zenodo.8013721 | The drone (DJI MavicPro2) was deployed when weather conditions allowed (wind velocity <10 kts, good visibility). Aerial survey imagery consisted in flying the drone at high altitude (approximately 500 m) and manually taking high-resolution images of the general setup of the working area. Mapping operations consisted in flying the drone along a pre-programmed automated flight path at an altitude of approximately 60 m, resulting in a sequence of georeferenced images suitable for orthomosaic and photogrammetric processing.	Dodman Island	https://data.aad.gov.au/aadc/gaz/scar/display_name.cfm?gaz_id=108535		-66.0004	-65.7792		1000	TRUE	20:44:00	21:04:00	FALSE	2023-02-23	20:44:00Z/21:04:00Z	Bruno Danis	https://orcid.org/0000-0002-9037-7623
https://www.wikidata.org/entity/Q119843670	DRM_5	2023-03-03T00:00:00Z		Bruno Danis				https://orcid.org/0000-0002-9037-7623				1899-12-31T11:16:00Z	1899-12-31T12:02:00Z	67	33.112	67	12.89					-67.5519	-67.2148			Blaiklock Island			60	Aerial	Mavic 2 PRO drone aerial mapping	DroneDeploy Photogrammetry | UAV (drone) imagery used | coordinateUncertaintyInMeters defaulted from gearType=Mavic 2 PRO drone aerial mapping	Mavic 2 PRO drone aerial mapping | https://doi.org/10.5281/zenodo.8013721 | The drone (DJI MavicPro2) was deployed when weather conditions allowed (wind velocity <10 kts, good visibility). Aerial survey imagery consisted in flying the drone at high altitude (approximately 500 m) and manually taking high-resolution images of the general setup of the working area. Mapping operations consisted in flying the drone along a pre-programmed automated flight path at an altitude of approximately 60 m, resulting in a sequence of georeferenced images suitable for orthomosaic and photogrammetric processing.	Blaiklock Island	https://data.aad.gov.au/aadc/gaz/scar/display_name.cfm?gaz_id=107831		-67.5519	-67.2148		1000	TRUE	14:16:00	15:02:00	FALSE	2023-03-03	14:16:00Z/15:02:00Z	Bruno Danis	https://orcid.org/0000-0002-9037-7623
https://www.wikidata.org/entity/Q119843670	DRM_6	2023-03-03T00:00:00Z		Bruno Danis				https://orcid.org/0000-0002-9037-7623				1899-12-31T08:20:00Z	1899-12-31T09:30:00Z	67	33.112	67	12.89					-67.5519	-67.2148			Blaiklock Island			60	Aerial	Mavic 2 PRO drone aerial mapping	DroneDeploy Photogrammetry | UAV (drone) imagery used | coordinateUncertaintyInMeters defaulted from gearType=Mavic 2 PRO drone aerial mapping	Mavic 2 PRO drone aerial mapping | https://doi.org/10.5281/zenodo.8013721 | The drone (DJI MavicPro2) was deployed when weather conditions allowed (wind velocity <10 kts, good visibility). Aerial survey imagery consisted in flying the drone at high altitude (approximately 500 m) and manually taking high-resolution images of the general setup of the working area. Mapping operations consisted in flying the drone along a pre-programmed automated flight path at an altitude of approximately 60 m, resulting in a sequence of georeferenced images suitable for orthomosaic and photogrammetric processing.	Blaiklock Island	https://data.aad.gov.au/aadc/gaz/scar/display_name.cfm?gaz_id=107831		-67.5519	-67.2148		1000	TRUE	11:20:00	12:30:00	FALSE	2023-03-03	11:20:00Z/12:30:00Z	Bruno Danis	https://orcid.org/0000-0002-9037-7623
https://www.wikidata.org/entity/Q119843670	DRM_7	2023-03-04T00:00:00Z		Bruno Danis				https://orcid.org/0000-0002-9037-7623				1899-12-31T17:20:00Z	1899-12-31T18:15:00Z	67	33.112	67	12.89					-67.5519	-67.2148			Blaiklock Island			60	Aerial	Mavic 2 PRO drone aerial mapping	DroneDeploy Photogrammetry | UAV (drone) imagery used | coordinateUncertaintyInMeters defaulted from gearType=Mavic 2 PRO drone aerial mapping	Mavic 2 PRO drone aerial mapping | https://doi.org/10.5281/zenodo.8013721 | The drone (DJI MavicPro2) was deployed when weather conditions allowed (wind velocity <10 kts, good visibility). Aerial survey imagery consisted in flying the drone at high altitude (approximately 500 m) and manually taking high-resolution images of the general setup of the working area. Mapping operations consisted in flying the drone along a pre-programmed automated flight path at an altitude of approximately 60 m, resulting in a sequence of georeferenced images suitable for orthomosaic and photogrammetric processing.	Blaiklock Island	https://data.aad.gov.au/aadc/gaz/scar/display_name.cfm?gaz_id=107831		-67.5519	-67.2148		1000	TRUE	20:20:00	21:15:00	FALSE	2023-03-04	20:20:00Z/21:15:00Z	Bruno Danis	https://orcid.org/0000-0002-9037-7623
https://www.wikidata.org/entity/Q119843670	DRM_8	2023-03-04T00:00:00Z		Bruno Danis				https://orcid.org/0000-0002-9037-7623				1899-12-31T11:00:00Z	1899-12-31T11:20:00Z	67	32.994	67	14.838					-67.5499	-67.2473			Blaiklock Island			60	Aerial	Mavic 2 PRO drone aerial mapping	DroneDeploy Photogrammetry | UAV (drone) imagery used | coordinateUncertaintyInMeters defaulted from gearType=Mavic 2 PRO drone aerial mapping	Mavic 2 PRO drone aerial mapping | https://doi.org/10.5281/zenodo.8013721 | The drone (DJI MavicPro2) was deployed when weather conditions allowed (wind velocity <10 kts, good visibility). Aerial survey imagery consisted in flying the drone at high altitude (approximately 500 m) and manually taking high-resolution images of the general setup of the working area. Mapping operations consisted in flying the drone along a pre-programmed automated flight path at an altitude of approximately 60 m, resulting in a sequence of georeferenced images suitable for orthomosaic and photogrammetric processing.	Blaiklock Island	https://data.aad.gov.au/aadc/gaz/scar/display_name.cfm?gaz_id=107831		-67.5499	-67.2473		1000	TRUE	14:00:00	14:20:00	FALSE	2023-03-04	14:00:00Z/14:20:00Z	Bruno Danis	https://orcid.org/0000-0002-9037-7623
https://www.wikidata.org/entity/Q119843670	DRM_9	2023-03-05T00:00:00Z		Bruno Danis				https://orcid.org/0000-0002-9037-7623				1899-12-31T13:30:00Z	1899-12-31T13:50:00Z	67	30.3081	67	3.104					-67.5051	-67.0517			Blaiklock Island			60	Aerial	Mavic 2 PRO drone aerial mapping	DroneDeploy Photogrammetry | UAV (drone) imagery used | coordinateUncertaintyInMeters defaulted from gearType=Mavic 2 PRO drone aerial mapping	Mavic 2 PRO drone aerial mapping | https://doi.org/10.5281/zenodo.8013721 | The drone (DJI MavicPro2) was deployed when weather conditions allowed (wind velocity <10 kts, good visibility). Aerial survey imagery consisted in flying the drone at high altitude (approximately 500 m) and manually taking high-resolution images of the general setup of the working area. Mapping operations consisted in flying the drone along a pre-programmed automated flight path at an altitude of approximately 60 m, resulting in a sequence of georeferenced images suitable for orthomosaic and photogrammetric processing.	Blaiklock Island	https://data.aad.gov.au/aadc/gaz/scar/display_name.cfm?gaz_id=107831		-67.5051	-67.0517		1000	TRUE	16:30:00	16:50:00	FALSE	2023-03-05	16:30:00Z/16:50:00Z	Bruno Danis	https://orcid.org/0000-0002-9037-7623
https://www.wikidata.org/entity/Q119843670	ICE_2	2023-03-05T00:00:00Z		Axelle Brusselman	Bruno Delille	Henri Robert	Martin Dogniez	https://orcid.org/0009-0002-6669-2911	https://orcid.org/0000-0003-0502-8101		https://orcid.org/0000-0002-9708-1761	1899-12-31T10:05:00Z	1899-12-31T12:30:00Z	67	30.31	67	3.109					-67.5052	-67.0518			Blaiklock Island					Sea ice works	coordinateUncertaintyInMeters defaulted from gearType=Sea ice works	Sea ice works | https://doi.org/10.5281/zenodo.8013721 | Sea ice work was designed to complement the sampling strategy of the water column. Two drifting ice floes were sampled near the main study sites. Sampling included the collection of ice cores, microlayer samples and under-ice seawater to capture physical, biological and biogeochemical parameters.	Blaiklock Island	https://data.aad.gov.au/aadc/gaz/scar/display_name.cfm?gaz_id=107831		-67.5052	-67.0518		1000	TRUE	13:05:00	15:30:00	FALSE	2023-03-05	13:05:00Z/15:30:00Z	Axelle Brusselman | Bruno Delille | Henri Robert | Martin Dogniez	https://orcid.org/0009-0002-6669-2911 | https://orcid.org/0000-0003-0502-8101 | https://orcid.org/0000-0002-9708-1761
https://www.wikidata.org/entity/Q119843670	ITD_1	2023-02-20T00:00:00Z		Camille Moreau				https://orcid.org/0000-0002-0981-7442																		Dodman Island	0	0			Intertidal	Sample for Guillaume Schwob | coordinateUncertaintyInMeters defaulted from gearType=Intertidal	Intertidal | https://doi.org/10.5281/zenodo.8013721 | Intertidal zones were visited to collect biological material, including biofilms and associated organisms, and to document environmental conditions in shallow coastal habitats.	Dodman Island	https://data.aad.gov.au/aadc/gaz/scar/display_name.cfm?gaz_id=108535					1000	TRUE			FALSE	2023-02-20		Camille Moreau	https://orcid.org/0000-0002-0981-7442
https://www.wikidata.org/entity/Q119843670	ITD_2	2023-02-22T00:00:00Z		Camille Moreau				https://orcid.org/0000-0002-0981-7442				1899-12-31T16:00:00Z	1899-12-31T17:00:00Z	65	59.948	65	47.111					-65.9991	-65.7852			Dodman Island	0				Intertidal	coordinateUncertaintyInMeters defaulted from gearType=Intertidal	Intertidal | https://doi.org/10.5281/zenodo.8013721 | Intertidal zones were visited to collect biological material, including biofilms and associated organisms, and to document environmental conditions in shallow coastal habitats.	Dodman Island	https://data.aad.gov.au/aadc/gaz/scar/display_name.cfm?gaz_id=108535		-65.9991	-65.7852		1000	TRUE	19:00:00	20:00:00	FALSE	2023-02-22	19:00:00Z/20:00:00Z	Camille Moreau	https://orcid.org/0000-0002-0981-7442
https://www.wikidata.org/entity/Q119843670	ITD_3	2023-03-04T00:00:00Z		Camille Moreau				https://orcid.org/0000-0002-0981-7442																		Blaiklock Island	0				Intertidal	coordinateUncertaintyInMeters defaulted from gearType=Intertidal	Intertidal | https://doi.org/10.5281/zenodo.8013721 | Intertidal zones were visited to collect biological material, including biofilms and associated organisms, and to document environmental conditions in shallow coastal habitats.	Blaiklock Island	https://data.aad.gov.au/aadc/gaz/scar/display_name.cfm?gaz_id=107831					1000	TRUE			FALSE	2023-03-04		Camille Moreau	https://orcid.org/0000-0002-0981-7442
https://www.wikidata.org/entity/Q119843670	NIS_1	2023-02-20T00:00:00Z		Bruno Delille	Axelle Brusselman			https://orcid.org/0000-0003-0502-8101	https://orcid.org/0009-0002-6669-2911			1899-12-31T11:43:00Z	1899-12-31T12:15:00Z	66	0.016	65	46.643					-66.0003	-65.7774			Dodman Island		12			Niskin	coordinateUncertaintyInMeters defaulted from gearType=Niskin	Niskin | https://doi.org/10.5281/zenodo.8013721 | Water sampling was carried out using a General Oceanic Niskin bottle deployed at a discrete depth in the water column, including surface, intermediate depths or approximately 1 m above the seabed. Niskin sampling was used in combination with CTD profiling or as a standalone water collection event.	Dodman Island	https://data.aad.gov.au/aadc/gaz/scar/display_name.cfm?gaz_id=108535		-66.0003	-65.7774		1000	TRUE	14:43:00	15:15:00	FALSE	2023-02-20	14:43:00Z/15:15:00Z	Bruno Delille | Axelle Brusselman	https://orcid.org/0000-0003-0502-8101 | https://orcid.org/0009-0002-6669-2911
https://www.wikidata.org/entity/Q119843670	NIS_10	2023-02-21T00:00:00Z		Bruno Delille	Axelle Brusselman			https://orcid.org/0000-0003-0502-8101	https://orcid.org/0009-0002-6669-2911			1899-12-31T17:03:00Z	1899-12-31T17:08:00Z	65	99.65	65	78.95					-66.6608	-66.3158			Dodman Island	0	0			Niskin	coordinateUncertaintyInMeters defaulted from gearType=Niskin	Niskin | https://doi.org/10.5281/zenodo.8013721 | Water sampling was carried out using a General Oceanic Niskin bottle deployed at a discrete depth in the water column, including surface, intermediate depths or approximately 1 m above the seabed. Niskin sampling was used in combination with CTD profiling or as a standalone water collection event.	Dodman Island	https://data.aad.gov.au/aadc/gaz/scar/display_name.cfm?gaz_id=108535		-66.6608	-66.3158		1000	TRUE	20:03:00	20:08:00	FALSE	2023-02-21	20:03:00Z/20:08:00Z	Bruno Delille | Axelle Brusselman	https://orcid.org/0000-0003-0502-8101 | https://orcid.org/0009-0002-6669-2911
https://www.wikidata.org/entity/Q119843670	NIS_11	2023-02-21T00:00:00Z		Bruno Delille	Axelle Brusselman			https://orcid.org/0000-0003-0502-8101	https://orcid.org/0009-0002-6669-2911			1899-12-31T17:12:00Z	1899-12-31T17:17:00Z	65	99.68	65	78.53					-66.6613	-66.3088			Dodman Island	0	0			Niskin	coordinateUncertaintyInMeters defaulted from gearType=Niskin	Niskin | https://doi.org/10.5281/zenodo.8013721 | Water sampling was carried out using a General Oceanic Niskin bottle deployed at a discrete depth in the water column, including surface, intermediate depths or approximately 1 m above the seabed. Niskin sampling was used in combination with CTD profiling or as a standalone water collection event.	Dodman Island	https://data.aad.gov.au/aadc/gaz/scar/display_name.cfm?gaz_id=108535		-66.6613	-66.3088		1000	TRUE	20:12:00	20:17:00	FALSE	2023-02-21	20:12:00Z/20:17:00Z	Bruno Delille | Axelle Brusselman	https://orcid.org/0000-0003-0502-8101 | https://orcid.org/0009-0002-6669-2911
https://www.wikidata.org/entity/Q119843670	NIS_12	2023-02-21T00:00:00Z		Bruno Delille	Axelle Brusselman			https://orcid.org/0000-0003-0502-8101	https://orcid.org/0009-0002-6669-2911			1899-12-31T14:31:00Z	1899-12-31T14:36:00Z	66	1.31	65	78.95					-66.0218	-66.3158			Dodman Island	0	0			Niskin	coordinateUncertaintyInMeters defaulted from gearType=Niskin	Niskin | https://doi.org/10.5281/zenodo.8013721 | Water sampling was carried out using a General Oceanic Niskin bottle deployed at a discrete depth in the water column, including surface, intermediate depths or approximately 1 m above the seabed. Niskin sampling was used in combination with CTD profiling or as a standalone water collection event.	Dodman Island	https://data.aad.gov.au/aadc/gaz/scar/display_name.cfm?gaz_id=108535		-66.0218	-66.3158		1000	TRUE	17:31:00	17:36:00	FALSE	2023-02-21	17:31:00Z/17:36:00Z	Bruno Delille | Axelle Brusselman	https://orcid.org/0000-0003-0502-8101 | https://orcid.org/0009-0002-6669-2911
https://www.wikidata.org/entity/Q119843670	NIS_13	2023-02-21T00:00:00Z		Bruno Delille	Axelle Brusselman			https://orcid.org/0000-0003-0502-8101	https://orcid.org/0009-0002-6669-2911			1899-12-31T14:45:00Z	1899-12-31T14:50:00Z	66	1.17	65	77.81					-66.0195	-66.2968			Dodman Island	0	0			Niskin	coordinateUncertaintyInMeters defaulted from gearType=Niskin	Niskin | https://doi.org/10.5281/zenodo.8013721 | Water sampling was carried out using a General Oceanic Niskin bottle deployed at a discrete depth in the water column, including surface, intermediate depths or approximately 1 m above the seabed. Niskin sampling was used in combination with CTD profiling or as a standalone water collection event.	Dodman Island	https://data.aad.gov.au/aadc/gaz/scar/display_name.cfm?gaz_id=108535		-66.0195	-66.2968		1000	TRUE	17:45:00	17:50:00	FALSE	2023-02-21	17:45:00Z/17:50:00Z	Bruno Delille | Axelle Brusselman	https://orcid.org/0000-0003-0502-8101 | https://orcid.org/0009-0002-6669-2911
https://www.wikidata.org/entity/Q119843670	NIS_14	2023-02-21T00:00:00Z		Bruno Delille	Axelle Brusselman			https://orcid.org/0000-0003-0502-8101	https://orcid.org/0009-0002-6669-2911			1899-12-31T14:53:00Z	1899-12-31T14:58:00Z	66	1.04	65	76.72					-66.0173	-66.2787			Dodman Island	0	0			Niskin	coordinateUncertaintyInMeters defaulted from gearType=Niskin	Niskin | https://doi.org/10.5281/zenodo.8013721 | Water sampling was carried out using a General Oceanic Niskin bottle deployed at a discrete depth in the water column, including surface, intermediate depths or approximately 1 m above the seabed. Niskin sampling was used in combination with CTD profiling or as a standalone water collection event.	Dodman Island	https://data.aad.gov.au/aadc/gaz/scar/display_name.cfm?gaz_id=108535		-66.0173	-66.2787		1000	TRUE	17:53:00	17:58:00	FALSE	2023-02-21	17:53:00Z/17:58:00Z	Bruno Delille | Axelle Brusselman	https://orcid.org/0000-0003-0502-8101 | https://orcid.org/0009-0002-6669-2911
https://www.wikidata.org/entity/Q119843670	NIS_15	2023-02-21T00:00:00Z		Bruno Delille	Axelle Brusselman			https://orcid.org/0000-0003-0502-8101	https://orcid.org/0009-0002-6669-2911			1899-12-31T15:02:00Z	1899-12-31T15:07:00Z	66	0.099	65	76.04					-66.0016	-66.2673			Dodman Island	0	0			Niskin	coordinateUncertaintyInMeters defaulted from gearType=Niskin	Niskin | https://doi.org/10.5281/zenodo.8013721 | Water sampling was carried out using a General Oceanic Niskin bottle deployed at a discrete depth in the water column, including surface, intermediate depths or approximately 1 m above the seabed. Niskin sampling was used in combination with CTD profiling or as a standalone water collection event.	Dodman Island	https://data.aad.gov.au/aadc/gaz/scar/display_name.cfm?gaz_id=108535		-66.0016	-66.2673		1000	TRUE	18:02:00	18:07:00	FALSE	2023-02-21	18:02:00Z/18:07:00Z	Bruno Delille | Axelle Brusselman	https://orcid.org/0000-0003-0502-8101 | https://orcid.org/0009-0002-6669-2911
https://www.wikidata.org/entity/Q119843670	NIS_16	2023-02-21T00:00:00Z		Bruno Delille	Axelle Brusselman			https://orcid.org/0000-0003-0502-8101	https://orcid.org/0009-0002-6669-2911			1899-12-31T15:09:00Z	1899-12-31T15:14:00Z	66	0.089	65	75.49					-66.0015	-66.2582			Dodman Island	0	0			Niskin	coordinateUncertaintyInMeters defaulted from gearType=Niskin	Niskin | https://doi.org/10.5281/zenodo.8013721 | Water sampling was carried out using a General Oceanic Niskin bottle deployed at a discrete depth in the water column, including surface, intermediate depths or approximately 1 m above the seabed. Niskin sampling was used in combination with CTD profiling or as a standalone water collection event.	Dodman Island	https://data.aad.gov.au/aadc/gaz/scar/display_name.cfm?gaz_id=108535		-66.0015	-66.2582		1000	TRUE	18:09:00	18:14:00	FALSE	2023-02-21	18:09:00Z/18:14:00Z	Bruno Delille | Axelle Brusselman	https://orcid.org/0000-0003-0502-8101 | https://orcid.org/0009-0002-6669-2911
https://www.wikidata.org/entity/Q119843670	NIS_17	2023-02-21T00:00:00Z		Bruno Delille	Axelle Brusselman			https://orcid.org/0000-0003-0502-8101	https://orcid.org/0009-0002-6669-2911			1899-12-31T15:16:00Z	1899-12-31T15:21:00Z	66	0.85	65	75.16					-66.0142	-66.2527			Dodman Island	0	0			Niskin	coordinateUncertaintyInMeters defaulted from gearType=Niskin	Niskin | https://doi.org/10.5281/zenodo.8013721 | Water sampling was carried out using a General Oceanic Niskin bottle deployed at a discrete depth in the water column, including surface, intermediate depths or approximately 1 m above the seabed. Niskin sampling was used in combination with CTD profiling or as a standalone water collection event.	Dodman Island	https://data.aad.gov.au/aadc/gaz/scar/display_name.cfm?gaz_id=108535		-66.0142	-66.2527		1000	TRUE	18:16:00	18:21:00	FALSE	2023-02-21	18:16:00Z/18:21:00Z	Bruno Delille | Axelle Brusselman	https://orcid.org/0000-0003-0502-8101 | https://orcid.org/0009-0002-6669-2911
https://www.wikidata.org/entity/Q119843670	NIS_18	2023-02-21T00:00:00Z		Bruno Delille	Axelle Brusselman			https://orcid.org/0000-0003-0502-8101	https://orcid.org/0009-0002-6669-2911			1899-12-31T15:42:00Z	1899-12-31T15:47:00Z	66	0.06	65	74.82					-66.001	-66.247			Dodman Island	0	0			Niskin	coordinateUncertaintyInMeters defaulted from gearType=Niskin	Niskin | https://doi.org/10.5281/zenodo.8013721 | Water sampling was carried out using a General Oceanic Niskin bottle deployed at a discrete depth in the water column, including surface, intermediate depths or approximately 1 m above the seabed. Niskin sampling was used in combination with CTD profiling or as a standalone water collection event.	Dodman Island	https://data.aad.gov.au/aadc/gaz/scar/display_name.cfm?gaz_id=108535		-66.001	-66.247		1000	TRUE	18:42:00	18:47:00	FALSE	2023-02-21	18:42:00Z/18:47:00Z	Bruno Delille | Axelle Brusselman	https://orcid.org/0000-0003-0502-8101 | https://orcid.org/0009-0002-6669-2911
https://www.wikidata.org/entity/Q119843670	NIS_19	2023-02-21T00:00:00Z		Camille Moreau	Bruno Danis			https://orcid.org/0000-0002-0981-7442	https://orcid.org/0000-0002-9037-7623			1899-12-31T14:00:00Z	1899-12-31T14:10:00Z	66	0.0295	65	46.747					-66.0005	-65.7791			Dodman Island	15	15			Niskin	coordinateUncertaintyInMeters defaulted from gearType=Niskin	Niskin | https://doi.org/10.5281/zenodo.8013721 | Water sampling was carried out using a General Oceanic Niskin bottle deployed at a discrete depth in the water column, including surface, intermediate depths or approximately 1 m above the seabed. Niskin sampling was used in combination with CTD profiling or as a standalone water collection event.	Dodman Island	https://data.aad.gov.au/aadc/gaz/scar/display_name.cfm?gaz_id=108535		-66.0005	-65.7791		1000	TRUE	17:00:00	17:10:00	FALSE	2023-02-21	17:00:00Z/17:10:00Z	Camille Moreau | Bruno Danis	https://orcid.org/0000-0002-0981-7442 | https://orcid.org/0000-0002-9037-7623
https://www.wikidata.org/entity/Q119843670	NIS_2	2023-02-20T00:00:00Z		Bruno Delille	Axelle Brusselman			https://orcid.org/0000-0003-0502-8101	https://orcid.org/0009-0002-6669-2911			1899-12-31T12:30:00Z	1899-12-31T12:45:00Z	66	0.016	65	46.643					-66.0003	-65.7774			Dodman Island		6			Niskin	coordinateUncertaintyInMeters defaulted from gearType=Niskin	Niskin | https://doi.org/10.5281/zenodo.8013721 | Water sampling was carried out using a General Oceanic Niskin bottle deployed at a discrete depth in the water column, including surface, intermediate depths or approximately 1 m above the seabed. Niskin sampling was used in combination with CTD profiling or as a standalone water collection event.	Dodman Island	https://data.aad.gov.au/aadc/gaz/scar/display_name.cfm?gaz_id=108535		-66.0003	-65.7774		1000	TRUE	15:30:00	15:45:00	FALSE	2023-02-20	15:30:00Z/15:45:00Z	Bruno Delille | Axelle Brusselman	https://orcid.org/0000-0003-0502-8101 | https://orcid.org/0009-0002-6669-2911
https://www.wikidata.org/entity/Q119843670	NIS_20	2023-02-22T00:00:00Z		Bruno Delille	Axelle Brusselman			https://orcid.org/0000-0003-0502-8101	https://orcid.org/0009-0002-6669-2911			1899-12-31T11:30:00Z	1899-12-31T12:02:00Z									-65.7796	-65.996			Dodman Island		16			Niskin	coordinateUncertaintyInMeters defaulted from gearType=Niskin	Niskin | https://doi.org/10.5281/zenodo.8013721 | Water sampling was carried out using a General Oceanic Niskin bottle deployed at a discrete depth in the water column, including surface, intermediate depths or approximately 1 m above the seabed. Niskin sampling was used in combination with CTD profiling or as a standalone water collection event.	Dodman Island	https://data.aad.gov.au/aadc/gaz/scar/display_name.cfm?gaz_id=108535		-65.7796	-65.996		1000	TRUE	14:30:00	15:02:00	FALSE	2023-02-22	14:30:00Z/15:02:00Z	Bruno Delille | Axelle Brusselman	https://orcid.org/0000-0003-0502-8101 | https://orcid.org/0009-0002-6669-2911
https://www.wikidata.org/entity/Q119843670	NIS_21	2023-02-23T00:00:00Z		Bruno Delille	Axelle Brusselman			https://orcid.org/0000-0003-0502-8101	https://orcid.org/0009-0002-6669-2911			1899-12-31T12:28:00Z	1899-12-31T12:43:00Z	66	0.027	65	46.75					-66.0004	-65.7792			Dodman Island					Niskin	coordinateUncertaintyInMeters defaulted from gearType=Niskin	Niskin | https://doi.org/10.5281/zenodo.8013721 | Water sampling was carried out using a General Oceanic Niskin bottle deployed at a discrete depth in the water column, including surface, intermediate depths or approximately 1 m above the seabed. Niskin sampling was used in combination with CTD profiling or as a standalone water collection event.	Dodman Island	https://data.aad.gov.au/aadc/gaz/scar/display_name.cfm?gaz_id=108535		-66.0004	-65.7792		1000	TRUE	15:28:00	15:43:00	FALSE	2023-02-23	15:28:00Z/15:43:00Z	Bruno Delille | Axelle Brusselman	https://orcid.org/0000-0003-0502-8101 | https://orcid.org/0009-0002-6669-2911
https://www.wikidata.org/entity/Q119843670	NIS_22	2023-02-23T00:00:00Z		Bruno Delille	Axelle Brusselman			https://orcid.org/0000-0003-0502-8101	https://orcid.org/0009-0002-6669-2911			1899-12-31T17:16:00Z	1899-12-31T17:21:00Z	66	0.02	65	47.68					-66.0003	-65.7947			Dodman Island					Niskin	coordinateUncertaintyInMeters defaulted from gearType=Niskin	Niskin | https://doi.org/10.5281/zenodo.8013721 | Water sampling was carried out using a General Oceanic Niskin bottle deployed at a discrete depth in the water column, including surface, intermediate depths or approximately 1 m above the seabed. Niskin sampling was used in combination with CTD profiling or as a standalone water collection event.	Dodman Island	https://data.aad.gov.au/aadc/gaz/scar/display_name.cfm?gaz_id=108535		-66.0003	-65.7947		1000	TRUE	20:16:00	20:21:00	FALSE	2023-02-23	20:16:00Z/20:21:00Z	Bruno Delille | Axelle Brusselman	https://orcid.org/0000-0003-0502-8101 | https://orcid.org/0009-0002-6669-2911
https://www.wikidata.org/entity/Q119843670	NIS_23	2023-02-23T00:00:00Z		Bruno Delille	Axelle Brusselman			https://orcid.org/0000-0003-0502-8101	https://orcid.org/0009-0002-6669-2911			1899-12-31T17:25:00Z	1899-12-31T17:30:00Z	65	59.99	65	47.92					-65.9998	-65.7987			Dodman Island					Niskin	coordinateUncertaintyInMeters defaulted from gearType=Niskin	Niskin | https://doi.org/10.5281/zenodo.8013721 | Water sampling was carried out using a General Oceanic Niskin bottle deployed at a discrete depth in the water column, including surface, intermediate depths or approximately 1 m above the seabed. Niskin sampling was used in combination with CTD profiling or as a standalone water collection event.	Dodman Island	https://data.aad.gov.au/aadc/gaz/scar/display_name.cfm?gaz_id=108535		-65.9998	-65.7987		1000	TRUE	20:25:00	20:30:00	FALSE	2023-02-23	20:25:00Z/20:30:00Z	Bruno Delille | Axelle Brusselman	https://orcid.org/0000-0003-0502-8101 | https://orcid.org/0009-0002-6669-2911
https://www.wikidata.org/entity/Q119843670	NIS_24	2023-02-23T00:00:00Z		Bruno Delille	Axelle Brusselman			https://orcid.org/0000-0003-0502-8101	https://orcid.org/0009-0002-6669-2911			1899-12-31T17:35:00Z	1899-12-31T17:40:00Z	65	59.72	65	46.74					-65.9953	-65.779			Dodman Island					Niskin	coordinateUncertaintyInMeters defaulted from gearType=Niskin	Niskin | https://doi.org/10.5281/zenodo.8013721 | Water sampling was carried out using a General Oceanic Niskin bottle deployed at a discrete depth in the water column, including surface, intermediate depths or approximately 1 m above the seabed. Niskin sampling was used in combination with CTD profiling or as a standalone water collection event.	Dodman Island	https://data.aad.gov.au/aadc/gaz/scar/display_name.cfm?gaz_id=108535		-65.9953	-65.779		1000	TRUE	20:35:00	20:40:00	FALSE	2023-02-23	20:35:00Z/20:40:00Z	Bruno Delille | Axelle Brusselman	https://orcid.org/0000-0003-0502-8101 | https://orcid.org/0009-0002-6669-2911
https://www.wikidata.org/entity/Q119843670	NIS_25	2023-02-23T00:00:00Z		Bruno Delille	Axelle Brusselman			https://orcid.org/0000-0003-0502-8101	https://orcid.org/0009-0002-6669-2911			1899-12-31T17:43:00Z	1899-12-31T17:48:00Z	65	59.85	65	46.43					-65.9975	-65.7738			Dodman Island					Niskin	coordinateUncertaintyInMeters defaulted from gearType=Niskin	Niskin | https://doi.org/10.5281/zenodo.8013721 | Water sampling was carried out using a General Oceanic Niskin bottle deployed at a discrete depth in the water column, including surface, intermediate depths or approximately 1 m above the seabed. Niskin sampling was used in combination with CTD profiling or as a standalone water collection event.	Dodman Island	https://data.aad.gov.au/aadc/gaz/scar/display_name.cfm?gaz_id=108535		-65.9975	-65.7738		1000	TRUE	20:43:00	20:48:00	FALSE	2023-02-23	20:43:00Z/20:48:00Z	Bruno Delille | Axelle Brusselman	https://orcid.org/0000-0003-0502-8101 | https://orcid.org/0009-0002-6669-2911
https://www.wikidata.org/entity/Q119843670	NIS_26	2023-02-23T00:00:00Z		Bruno Delille	Axelle Brusselman			https://orcid.org/0000-0003-0502-8101	https://orcid.org/0009-0002-6669-2911			1899-12-31T17:50:00Z	1899-12-31T17:55:00Z	65	59.93	65	46.28					-65.9988	-65.7713			Dodman Island					Niskin	coordinateUncertaintyInMeters defaulted from gearType=Niskin	Niskin | https://doi.org/10.5281/zenodo.8013721 | Water sampling was carried out using a General Oceanic Niskin bottle deployed at a discrete depth in the water column, including surface, intermediate depths or approximately 1 m above the seabed. Niskin sampling was used in combination with CTD profiling or as a standalone water collection event.	Dodman Island	https://data.aad.gov.au/aadc/gaz/scar/display_name.cfm?gaz_id=108535		-65.9988	-65.7713		1000	TRUE	20:50:00	20:55:00	FALSE	2023-02-23	20:50:00Z/20:55:00Z	Bruno Delille | Axelle Brusselman	https://orcid.org/0000-0003-0502-8101 | https://orcid.org/0009-0002-6669-2911
https://www.wikidata.org/entity/Q119843670	NIS_27	2023-02-24T00:00:00Z		Bruno Danis	Camille Moreau			https://orcid.org/0000-0002-9037-7623	https://orcid.org/0000-0002-0981-7442			1899-12-31T14:00:00Z	1899-12-31T14:30:00Z	65	59.85	65	47.406					-65.9975	-65.7901			Dodman Island					Niskin	Seawater for Manon | coordinateUncertaintyInMeters defaulted from gearType=Niskin	Niskin | https://doi.org/10.5281/zenodo.8013721 | Water sampling was carried out using a General Oceanic Niskin bottle deployed at a discrete depth in the water column, including surface, intermediate depths or approximately 1 m above the seabed. Niskin sampling was used in combination with CTD profiling or as a standalone water collection event.	Dodman Island	https://data.aad.gov.au/aadc/gaz/scar/display_name.cfm?gaz_id=108535		-65.9975	-65.7901		1000	TRUE	17:00:00	17:30:00	FALSE	2023-02-24	17:00:00Z/17:30:00Z	Bruno Danis | Camille Moreau	https://orcid.org/0000-0002-9037-7623 | https://orcid.org/0000-0002-0981-7442
https://www.wikidata.org/entity/Q119843670	NIS_28	2023-02-25T00:00:00Z		Bruno Delille	Axelle Brusselman			https://orcid.org/0000-0003-0502-8101	https://orcid.org/0009-0002-6669-2911			1899-12-31T16:30:00Z	1899-12-31T16:50:00Z	66	1.225	65	50.694					-66.0204	-65.8449			Grandidier Channel	0	100			Niskin	coordinateUncertaintyInMeters defaulted from gearType=Niskin	Niskin | https://doi.org/10.5281/zenodo.8013721 | Water sampling was carried out using a General Oceanic Niskin bottle deployed at a discrete depth in the water column, including surface, intermediate depths or approximately 1 m above the seabed. Niskin sampling was used in combination with CTD profiling or as a standalone water collection event.	Grandidier Channel	https://data.aad.gov.au/aadc/gaz/scar/display_name.cfm?gaz_id=109091		-66.0204	-65.8449		1000	TRUE	19:30:00	19:50:00	FALSE	2023-02-25	19:30:00Z/19:50:00Z	Bruno Delille | Axelle Brusselman	https://orcid.org/0000-0003-0502-8101 | https://orcid.org/0009-0002-6669-2911
https://www.wikidata.org/entity/Q119843670	NIS_29	2023-02-27T00:00:00Z		Bruno Danis				https://orcid.org/0000-0002-9037-7623				1899-12-31T14:00:00Z	1899-12-31T14:30:00Z	65	59.9	65	47.386					-65.9983	-65.7898			Dodman Island					Niskin	coordinateUncertaintyInMeters defaulted from gearType=Niskin	Niskin | https://doi.org/10.5281/zenodo.8013721 | Water sampling was carried out using a General Oceanic Niskin bottle deployed at a discrete depth in the water column, including surface, intermediate depths or approximately 1 m above the seabed. Niskin sampling was used in combination with CTD profiling or as a standalone water collection event.	Dodman Island	https://data.aad.gov.au/aadc/gaz/scar/display_name.cfm?gaz_id=108535		-65.9983	-65.7898		1000	TRUE	17:00:00	17:30:00	FALSE	2023-02-27	17:00:00Z/17:30:00Z	Bruno Danis	https://orcid.org/0000-0002-9037-7623
https://www.wikidata.org/entity/Q119843670	NIS_3	2023-02-20T00:00:00Z		Bruno Delille	Axelle Brusselman			https://orcid.org/0000-0003-0502-8101	https://orcid.org/0009-0002-6669-2911			1899-12-31T12:45:00Z	1899-12-31T13:00:00Z	66	0.016	65	46.643					-66.0003	-65.7774			Dodman Island		0			Niskin	coordinateUncertaintyInMeters defaulted from gearType=Niskin	Niskin | https://doi.org/10.5281/zenodo.8013721 | Water sampling was carried out using a General Oceanic Niskin bottle deployed at a discrete depth in the water column, including surface, intermediate depths or approximately 1 m above the seabed. Niskin sampling was used in combination with CTD profiling or as a standalone water collection event.	Dodman Island	https://data.aad.gov.au/aadc/gaz/scar/display_name.cfm?gaz_id=108535		-66.0003	-65.7774		1000	TRUE	15:45:00	16:00:00	FALSE	2023-02-20	15:45:00Z/16:00:00Z	Bruno Delille | Axelle Brusselman	https://orcid.org/0000-0003-0502-8101 | https://orcid.org/0009-0002-6669-2911
https://www.wikidata.org/entity/Q119843670	NIS_30	2023-02-27T00:00:00Z		Bruno Delille	Axelle Brusselman			https://orcid.org/0000-0003-0502-8101	https://orcid.org/0009-0002-6669-2911			1899-12-31T11:00:00Z	1899-12-31T12:00:00Z													Dodman Island					Niskin	coordinateUncertaintyInMeters defaulted from gearType=Niskin	Niskin | https://doi.org/10.5281/zenodo.8013721 | Water sampling was carried out using a General Oceanic Niskin bottle deployed at a discrete depth in the water column, including surface, intermediate depths or approximately 1 m above the seabed. Niskin sampling was used in combination with CTD profiling or as a standalone water collection event.	Dodman Island	https://data.aad.gov.au/aadc/gaz/scar/display_name.cfm?gaz_id=108535					1000	TRUE	14:00:00	15:00:00	FALSE	2023-02-27	14:00:00Z/15:00:00Z	Bruno Delille | Axelle Brusselman	https://orcid.org/0000-0003-0502-8101 | https://orcid.org/0009-0002-6669-2911
https://www.wikidata.org/entity/Q119843670	NIS_31	2023-02-28T00:00:00Z		Bruno Delille	Axelle Brusselman			https://orcid.org/0000-0003-0502-8101	https://orcid.org/0009-0002-6669-2911			1899-12-31T09:05:00Z	1899-12-31T15:30:00Z	66	0.16215	65	46.3161					-66.0027	-65.7719			Dodman Island					Niskin	coordinateUncertaintyInMeters defaulted from gearType=Niskin	Niskin | https://doi.org/10.5281/zenodo.8013721 | Water sampling was carried out using a General Oceanic Niskin bottle deployed at a discrete depth in the water column, including surface, intermediate depths or approximately 1 m above the seabed. Niskin sampling was used in combination with CTD profiling or as a standalone water collection event.	Dodman Island	https://data.aad.gov.au/aadc/gaz/scar/display_name.cfm?gaz_id=108535		-66.0027	-65.7719		1000	TRUE	12:05:00	18:30:00	FALSE	2023-02-28	12:05:00Z/18:30:00Z	Bruno Delille | Axelle Brusselman	https://orcid.org/0000-0003-0502-8101 | https://orcid.org/0009-0002-6669-2911
https://www.wikidata.org/entity/Q119843670	NIS_32	2023-03-02T00:00:00Z		Bruno Delille	Axelle Brusselman			https://orcid.org/0000-0003-0502-8101	https://orcid.org/0009-0002-6669-2911			1899-12-31T11:06:00Z	1899-12-31T11:50:00Z	67	33.112	67	12.89					-67.5519	-67.2148			Blaiklock Island					Niskin	coordinateUncertaintyInMeters defaulted from gearType=Niskin	Niskin | https://doi.org/10.5281/zenodo.8013721 | Water sampling was carried out using a General Oceanic Niskin bottle deployed at a discrete depth in the water column, including surface, intermediate depths or approximately 1 m above the seabed. Niskin sampling was used in combination with CTD profiling or as a standalone water collection event.	Blaiklock Island	https://data.aad.gov.au/aadc/gaz/scar/display_name.cfm?gaz_id=107831		-67.5519	-67.2148		1000	TRUE	14:06:00	14:50:00	FALSE	2023-03-02	14:06:00Z/14:50:00Z	Bruno Delille | Axelle Brusselman	https://orcid.org/0000-0003-0502-8101 | https://orcid.org/0009-0002-6669-2911
https://www.wikidata.org/entity/Q119843670	NIS_34	2023-03-03T00:00:00Z		Bruno Delille	Axelle Brusselman			https://orcid.org/0000-0003-0502-8101	https://orcid.org/0009-0002-6669-2911			1899-12-31T10:00:00Z	1899-12-31T11:15:00Z	67	33.112	67	12.89					-67.5519	-67.2148			Blaiklock Island					Niskin	coordinateUncertaintyInMeters defaulted from gearType=Niskin	Niskin | https://doi.org/10.5281/zenodo.8013721 | Water sampling was carried out using a General Oceanic Niskin bottle deployed at a discrete depth in the water column, including surface, intermediate depths or approximately 1 m above the seabed. Niskin sampling was used in combination with CTD profiling or as a standalone water collection event.	Blaiklock Island	https://data.aad.gov.au/aadc/gaz/scar/display_name.cfm?gaz_id=107831		-67.5519	-67.2148		1000	TRUE	13:00:00	14:15:00	FALSE	2023-03-03	13:00:00Z/14:15:00Z	Bruno Delille | Axelle Brusselman	https://orcid.org/0000-0003-0502-8101 | https://orcid.org/0009-0002-6669-2911
https://www.wikidata.org/entity/Q119843670	NIS_35	2023-03-04T00:00:00Z		Bruno Danis	Axelle Brusselman			https://orcid.org/0000-0002-9037-7623	https://orcid.org/0009-0002-6669-2911			1899-12-31T11:10:00Z	1899-12-31T11:20:00Z	67	32.994	67	14.852					-67.5499	-67.2475			Blaiklock Island	0	16			Niskin	coordinateUncertaintyInMeters defaulted from gearType=Niskin	Niskin | https://doi.org/10.5281/zenodo.8013721 | Water sampling was carried out using a General Oceanic Niskin bottle deployed at a discrete depth in the water column, including surface, intermediate depths or approximately 1 m above the seabed. Niskin sampling was used in combination with CTD profiling or as a standalone water collection event.	Blaiklock Island	https://data.aad.gov.au/aadc/gaz/scar/display_name.cfm?gaz_id=107831		-67.5499	-67.2475		1000	TRUE	14:10:00	14:20:00	FALSE	2023-03-04	14:10:00Z/14:20:00Z	Bruno Danis | Axelle Brusselman	https://orcid.org/0000-0002-9037-7623 | https://orcid.org/0009-0002-6669-2911
https://www.wikidata.org/entity/Q119843670	NIS_36	2023-03-04T00:00:00Z		Bruno Danis				https://orcid.org/0000-0002-9037-7623				1899-12-31T14:00:00Z	1899-12-31T14:30:00Z	67	32.994	67	14.852					-67.5499	-67.2475			Blaiklock Island	0	16			Niskin	coordinateUncertaintyInMeters defaulted from gearType=Niskin	Niskin | https://doi.org/10.5281/zenodo.8013721 | Water sampling was carried out using a General Oceanic Niskin bottle deployed at a discrete depth in the water column, including surface, intermediate depths or approximately 1 m above the seabed. Niskin sampling was used in combination with CTD profiling or as a standalone water collection event.	Blaiklock Island	https://data.aad.gov.au/aadc/gaz/scar/display_name.cfm?gaz_id=107831		-67.5499	-67.2475		1000	TRUE	17:00:00	17:30:00	FALSE	2023-03-04	17:00:00Z/17:30:00Z	Bruno Danis	https://orcid.org/0000-0002-9037-7623
https://www.wikidata.org/entity/Q119843670	NIS_37	2023-03-05T00:00:00Z		Axelle Brusselman	Bruno Delille	Bruno Danis		https://orcid.org/0009-0002-6669-2911	https://orcid.org/0000-0003-0502-8101	https://orcid.org/0000-0002-9037-7623		1899-12-31T14:33:00Z	1899-12-31T15:00:00Z	67	30.3081	67	3.104					-67.5051	-67.0517			Blaiklock Island		19.2			Niskin	coordinateUncertaintyInMeters defaulted from gearType=Niskin	Niskin | https://doi.org/10.5281/zenodo.8013721 | Water sampling was carried out using a General Oceanic Niskin bottle deployed at a discrete depth in the water column, including surface, intermediate depths or approximately 1 m above the seabed. Niskin sampling was used in combination with CTD profiling or as a standalone water collection event.	Blaiklock Island	https://data.aad.gov.au/aadc/gaz/scar/display_name.cfm?gaz_id=107831		-67.5051	-67.0517		1000	TRUE	17:33:00	18:00:00	FALSE	2023-03-05	17:33:00Z/18:00:00Z	Axelle Brusselman | Bruno Delille | Bruno Danis	https://orcid.org/0009-0002-6669-2911 | https://orcid.org/0000-0003-0502-8101 | https://orcid.org/0000-0002-9037-7623
https://www.wikidata.org/entity/Q119843670	NIS_39	2023-03-06T00:00:00Z		Bruno Danis				https://orcid.org/0000-0002-9037-7623				1899-12-31T14:00:00Z	1899-12-31T14:15:00Z	67	30.905	67	5.999					-67.5151	-67.1			Blaiklock Island					Niskin	Manon | coordinateUncertaintyInMeters defaulted from gearType=Niskin	Niskin | https://doi.org/10.5281/zenodo.8013721 | Water sampling was carried out using a General Oceanic Niskin bottle deployed at a discrete depth in the water column, including surface, intermediate depths or approximately 1 m above the seabed. Niskin sampling was used in combination with CTD profiling or as a standalone water collection event.	Blaiklock Island	https://data.aad.gov.au/aadc/gaz/scar/display_name.cfm?gaz_id=107831		-67.5151	-67.1		1000	TRUE	17:00:00	17:15:00	FALSE	2023-03-06	17:00:00Z/17:15:00Z	Bruno Danis	https://orcid.org/0000-0002-9037-7623
https://www.wikidata.org/entity/Q119843670	NIS_4	2023-02-21T00:00:00Z		Bruno Delille	Axelle Brusselman			https://orcid.org/0000-0003-0502-8101	https://orcid.org/0009-0002-6669-2911			1899-12-31T09:10:00Z	1899-12-31T09:12:00Z	66	0.016	65	46.643					-66.0003	-65.7774			Dodman Island					Niskin	coordinateUncertaintyInMeters defaulted from gearType=Niskin	Niskin | https://doi.org/10.5281/zenodo.8013721 | Water sampling was carried out using a General Oceanic Niskin bottle deployed at a discrete depth in the water column, including surface, intermediate depths or approximately 1 m above the seabed. Niskin sampling was used in combination with CTD profiling or as a standalone water collection event.	Dodman Island	https://data.aad.gov.au/aadc/gaz/scar/display_name.cfm?gaz_id=108535		-66.0003	-65.7774		1000	TRUE	12:10:00	12:12:00	FALSE	2023-02-21	12:10:00Z/12:12:00Z	Bruno Delille | Axelle Brusselman	https://orcid.org/0000-0003-0502-8101 | https://orcid.org/0009-0002-6669-2911
https://www.wikidata.org/entity/Q119843670	NIS_40	2023-03-07T00:00:00Z		Bruno Delille	Axelle Brusselman			https://orcid.org/0000-0003-0502-8101	https://orcid.org/0009-0002-6669-2911			1899-12-31T10:15:00Z	1899-12-31T10:45:00Z	67	30.195	67	7.834					-67.5032	-67.1306			Blaiklock Island					Niskin	coordinateUncertaintyInMeters defaulted from gearType=Niskin	Niskin | https://doi.org/10.5281/zenodo.8013721 | Water sampling was carried out using a General Oceanic Niskin bottle deployed at a discrete depth in the water column, including surface, intermediate depths or approximately 1 m above the seabed. Niskin sampling was used in combination with CTD profiling or as a standalone water collection event.	Blaiklock Island	https://data.aad.gov.au/aadc/gaz/scar/display_name.cfm?gaz_id=107831		-67.5032	-67.1306		1000	TRUE	13:15:00	13:45:00	FALSE	2023-03-07	13:15:00Z/13:45:00Z	Bruno Delille | Axelle Brusselman	https://orcid.org/0000-0003-0502-8101 | https://orcid.org/0009-0002-6669-2911
https://www.wikidata.org/entity/Q119843670	NIS_41	2023-03-07T00:00:00Z		Bruno Delille	Axelle Brusselman			https://orcid.org/0000-0003-0502-8101	https://orcid.org/0009-0002-6669-2911			1899-12-31T14:26:00Z	1899-12-31T15:05:00Z	67	30.195	67	7.834					-67.5032	-67.1306			Blaiklock Island					Niskin	Site 2B | coordinateUncertaintyInMeters defaulted from gearType=Niskin	Niskin | https://doi.org/10.5281/zenodo.8013721 | Water sampling was carried out using a General Oceanic Niskin bottle deployed at a discrete depth in the water column, including surface, intermediate depths or approximately 1 m above the seabed. Niskin sampling was used in combination with CTD profiling or as a standalone water collection event.	Blaiklock Island	https://data.aad.gov.au/aadc/gaz/scar/display_name.cfm?gaz_id=107831		-67.5032	-67.1306		1000	TRUE	17:26:00	18:05:00	FALSE	2023-03-07	17:26:00Z/18:05:00Z	Bruno Delille | Axelle Brusselman	https://orcid.org/0000-0003-0502-8101 | https://orcid.org/0009-0002-6669-2911
https://www.wikidata.org/entity/Q119843670	NIS_42	2023-03-08T00:00:00Z		Bruno Delille	Axelle Brusselman			https://orcid.org/0000-0003-0502-8101	https://orcid.org/0009-0002-6669-2911			1899-12-31T12:51:00Z	1899-12-31T13:00:00Z	67	19.985	67	48.827					-67.3331	-67.8138			Transect		0			Niskin	coordinateUncertaintyInMeters defaulted from gearType=Niskin	Niskin | https://doi.org/10.5281/zenodo.8013721 | Water sampling was carried out using a General Oceanic Niskin bottle deployed at a discrete depth in the water column, including surface, intermediate depths or approximately 1 m above the seabed. Niskin sampling was used in combination with CTD profiling or as a standalone water collection event.				-67.3331	-67.8138		1000	TRUE	15:51:00	16:00:00	FALSE	2023-03-08	15:51:00Z/16:00:00Z	Bruno Delille | Axelle Brusselman	https://orcid.org/0000-0003-0502-8101 | https://orcid.org/0009-0002-6669-2911
https://www.wikidata.org/entity/Q119843670	NIS_43	2023-03-08T00:00:00Z		Bruno Delille	Axelle Brusselman			https://orcid.org/0000-0003-0502-8101	https://orcid.org/0009-0002-6669-2911			1899-12-31T14:41:00Z	1899-12-31T14:50:00Z	67	5.472	67	31.537					-67.0912	-67.5256			Transect		0			Niskin	coordinateUncertaintyInMeters defaulted from gearType=Niskin	Niskin | https://doi.org/10.5281/zenodo.8013721 | Water sampling was carried out using a General Oceanic Niskin bottle deployed at a discrete depth in the water column, including surface, intermediate depths or approximately 1 m above the seabed. Niskin sampling was used in combination with CTD profiling or as a standalone water collection event.				-67.0912	-67.5256		1000	TRUE	17:41:00	17:50:00	FALSE	2023-03-08	17:41:00Z/17:50:00Z	Bruno Delille | Axelle Brusselman	https://orcid.org/0000-0003-0502-8101 | https://orcid.org/0009-0002-6669-2911
https://www.wikidata.org/entity/Q119843670	NIS_44	2023-03-08T00:00:00Z		Bruno Delille	Axelle Brusselman			https://orcid.org/0000-0003-0502-8101	https://orcid.org/0009-0002-6669-2911			1899-12-31T16:13:00Z	1899-12-31T16:20:00Z	66	55.228	67	18.322					-66.9205	-67.3054			Transect		0			Niskin	coordinateUncertaintyInMeters defaulted from gearType=Niskin	Niskin | https://doi.org/10.5281/zenodo.8013721 | Water sampling was carried out using a General Oceanic Niskin bottle deployed at a discrete depth in the water column, including surface, intermediate depths or approximately 1 m above the seabed. Niskin sampling was used in combination with CTD profiling or as a standalone water collection event.				-66.9205	-67.3054		1000	TRUE	19:13:00	19:20:00	FALSE	2023-03-08	19:13:00Z/19:20:00Z	Bruno Delille | Axelle Brusselman	https://orcid.org/0000-0003-0502-8101 | https://orcid.org/0009-0002-6669-2911
https://www.wikidata.org/entity/Q119843670	NIS_5	2023-02-21T00:00:00Z		Bruno Delille	Axelle Brusselman			https://orcid.org/0000-0003-0502-8101	https://orcid.org/0009-0002-6669-2911			1899-12-31T17:27:00Z	1899-12-31T17:32:00Z	65	99.94	65	76.89					-66.6657	-66.2815			Dodman Island	0	0			Niskin	coordinateUncertaintyInMeters defaulted from gearType=Niskin	Niskin | https://doi.org/10.5281/zenodo.8013721 | Water sampling was carried out using a General Oceanic Niskin bottle deployed at a discrete depth in the water column, including surface, intermediate depths or approximately 1 m above the seabed. Niskin sampling was used in combination with CTD profiling or as a standalone water collection event.	Dodman Island	https://data.aad.gov.au/aadc/gaz/scar/display_name.cfm?gaz_id=108535		-66.6657	-66.2815		1000	TRUE	20:27:00	20:32:00	FALSE	2023-02-21	20:27:00Z/20:32:00Z	Bruno Delille | Axelle Brusselman	https://orcid.org/0000-0003-0502-8101 | https://orcid.org/0009-0002-6669-2911
https://www.wikidata.org/entity/Q119843670	NIS_6	2023-02-21T00:00:00Z		Bruno Delille	Axelle Brusselman			https://orcid.org/0000-0003-0502-8101	https://orcid.org/0009-0002-6669-2911			1899-12-31T16:24:00Z	1899-12-31T16:29:00Z	66	0.087	65	78.95					-66.0015	-66.3158			Dodman Island	0	0			Niskin	coordinateUncertaintyInMeters defaulted from gearType=Niskin	Niskin | https://doi.org/10.5281/zenodo.8013721 | Water sampling was carried out using a General Oceanic Niskin bottle deployed at a discrete depth in the water column, including surface, intermediate depths or approximately 1 m above the seabed. Niskin sampling was used in combination with CTD profiling or as a standalone water collection event.	Dodman Island	https://data.aad.gov.au/aadc/gaz/scar/display_name.cfm?gaz_id=108535		-66.0015	-66.3158		1000	TRUE	19:24:00	19:29:00	FALSE	2023-02-21	19:24:00Z/19:29:00Z	Bruno Delille | Axelle Brusselman	https://orcid.org/0000-0003-0502-8101 | https://orcid.org/0009-0002-6669-2911
https://www.wikidata.org/entity/Q119843670	NIS_7	2023-02-21T00:00:00Z		Bruno Delille	Axelle Brusselman			https://orcid.org/0000-0003-0502-8101	https://orcid.org/0009-0002-6669-2911			1899-12-31T16:36:00Z	1899-12-31T16:41:00Z	66	0.039	65	78.95					-66.0006	-66.3158			Dodman Island	0	0			Niskin	coordinateUncertaintyInMeters defaulted from gearType=Niskin	Niskin | https://doi.org/10.5281/zenodo.8013721 | Water sampling was carried out using a General Oceanic Niskin bottle deployed at a discrete depth in the water column, including surface, intermediate depths or approximately 1 m above the seabed. Niskin sampling was used in combination with CTD profiling or as a standalone water collection event.	Dodman Island	https://data.aad.gov.au/aadc/gaz/scar/display_name.cfm?gaz_id=108535		-66.0006	-66.3158		1000	TRUE	19:36:00	19:41:00	FALSE	2023-02-21	19:36:00Z/19:41:00Z	Bruno Delille | Axelle Brusselman	https://orcid.org/0000-0003-0502-8101 | https://orcid.org/0009-0002-6669-2911
https://www.wikidata.org/entity/Q119843670	NIS_8	2023-02-21T00:00:00Z		Bruno Delille	Axelle Brusselman			https://orcid.org/0000-0003-0502-8101	https://orcid.org/0009-0002-6669-2911			1899-12-31T16:49:00Z	1899-12-31T16:54:00Z	65	99.97	65	78.95					-66.6662	-66.3158			Dodman Island	0	0			Niskin	coordinateUncertaintyInMeters defaulted from gearType=Niskin	Niskin | https://doi.org/10.5281/zenodo.8013721 | Water sampling was carried out using a General Oceanic Niskin bottle deployed at a discrete depth in the water column, including surface, intermediate depths or approximately 1 m above the seabed. Niskin sampling was used in combination with CTD profiling or as a standalone water collection event.	Dodman Island	https://data.aad.gov.au/aadc/gaz/scar/display_name.cfm?gaz_id=108535		-66.6662	-66.3158		1000	TRUE	19:49:00	19:54:00	FALSE	2023-02-21	19:49:00Z/19:54:00Z	Bruno Delille | Axelle Brusselman	https://orcid.org/0000-0003-0502-8101 | https://orcid.org/0009-0002-6669-2911
https://www.wikidata.org/entity/Q119843670	NIS_9	2023-02-21T00:00:00Z		Bruno Delille	Axelle Brusselman			https://orcid.org/0000-0003-0502-8101	https://orcid.org/0009-0002-6669-2911			1899-12-31T16:55:00Z	1899-12-31T17:00:00Z	65	99.75	65	78.95					-66.6625	-66.3158			Dodman Island	0	0			Niskin	coordinateUncertaintyInMeters defaulted from gearType=Niskin	Niskin | https://doi.org/10.5281/zenodo.8013721 | Water sampling was carried out using a General Oceanic Niskin bottle deployed at a discrete depth in the water column, including surface, intermediate depths or approximately 1 m above the seabed. Niskin sampling was used in combination with CTD profiling or as a standalone water collection event.	Dodman Island	https://data.aad.gov.au/aadc/gaz/scar/display_name.cfm?gaz_id=108535		-66.6625	-66.3158		1000	TRUE	19:55:00	20:00:00	FALSE	2023-02-21	19:55:00Z/20:00:00Z	Bruno Delille | Axelle Brusselman	https://orcid.org/0000-0003-0502-8101 | https://orcid.org/0009-0002-6669-2911
https://www.wikidata.org/entity/Q119843670	RD_1	2023-02-19T00:00:00Z		Henri Robert	Camille Moreau				https://orcid.org/0000-0002-0981-7442			1899-12-31T10:30:00Z	1899-12-31T11:00:00Z	66	0.159	65	46.437	66	0.23	65	46.613	-66.0026	-65.774	-66.0038	-65.7769	Dodman Island	18	22			Rauschert Dredge		Rauschert Dredge | https://doi.org/10.5281/zenodo.8013721 | Benthic sampling was carried out using a Rauschert dredge composed of a sledge-like metal frame dragging a mesh bag protected by rubber carpets along the seafloor to collect benthic and megabenthic organisms.	Dodman Island	https://data.aad.gov.au/aadc/gaz/scar/display_name.cfm?gaz_id=108535	LINESTRING (-65.7740 -66.0026, -65.7769 -66.0038)	-66.0032	-65.7755	187.30002228033052	94	FALSE	13:30:00	14:00:00	FALSE	2023-02-19	13:30:00Z/14:00:00Z	Henri Robert | Camille Moreau	https://orcid.org/0000-0002-0981-7442
https://www.wikidata.org/entity/Q119843670	RD_10	2023-02-26T00:00:00Z		Henri Robert								1899-12-31T14:00:00Z	1899-12-31T14:20:00Z	66	0.187	65	47.932	66	0.18	65	47.794	-66.0031	-65.7989	-66.003	-65.7966	Dodman Island	11	12			Rauschert Dredge		Rauschert Dredge | https://doi.org/10.5281/zenodo.8013721 | Benthic sampling was carried out using a Rauschert dredge composed of a sledge-like metal frame dragging a mesh bag protected by rubber carpets along the seafloor to collect benthic and megabenthic organisms.	Dodman Island	https://data.aad.gov.au/aadc/gaz/scar/display_name.cfm?gaz_id=108535	LINESTRING (-65.7989 -66.0031, -65.7966 -66.0030)	-66.003	-65.7978	104.7196529771253	52	FALSE	17:00:00	17:20:00	FALSE	2023-02-26	17:00:00Z/17:20:00Z	Henri Robert	
https://www.wikidata.org/entity/Q119843670	RD_11	2023-02-27T00:00:00Z		Henri Robert								1899-12-31T14:30:00Z	1899-12-31T14:50:00Z	66	0.023	65	47.414	66	0.067	65	47.33	-66.0004	-65.7902	-66.0011	-65.7888	Dodman Island	9	12			Rauschert Dredge		Rauschert Dredge | https://doi.org/10.5281/zenodo.8013721 | Benthic sampling was carried out using a Rauschert dredge composed of a sledge-like metal frame dragging a mesh bag protected by rubber carpets along the seafloor to collect benthic and megabenthic organisms.	Dodman Island	https://data.aad.gov.au/aadc/gaz/scar/display_name.cfm?gaz_id=108535	LINESTRING (-65.7902 -66.0004, -65.7888 -66.0011)	-66.0008	-65.7895	100.44898319164618	50	FALSE	17:30:00	17:50:00	FALSE	2023-02-27	17:30:00Z/17:50:00Z	Henri Robert	
https://www.wikidata.org/entity/Q119843670	RD_12	2023-03-02T00:00:00Z		Henri Robert								1899-12-31T08:30:00Z	1899-12-31T08:40:00Z	67	33.09	67	13.291	67	33.026	67	13.429	-67.5515	-67.2215	-67.5504	-67.2238	Blaiklock Island					Rauschert Dredge		Rauschert Dredge | https://doi.org/10.5281/zenodo.8013721 | Benthic sampling was carried out using a Rauschert dredge composed of a sledge-like metal frame dragging a mesh bag protected by rubber carpets along the seafloor to collect benthic and megabenthic organisms.	Blaiklock Island	https://data.aad.gov.au/aadc/gaz/scar/display_name.cfm?gaz_id=107831	LINESTRING (-67.2215 -67.5515, -67.2238 -67.5504)	-67.551	-67.2226	156.69495452404567	78	FALSE	11:30:00	11:40:00	FALSE	2023-03-02	11:30:00Z/11:40:00Z	Henri Robert	
https://www.wikidata.org/entity/Q119843670	RD_13	2023-03-02T00:00:00Z		Henri Robert								1899-12-31T13:30:00Z	1899-12-31T13:50:00Z	67	33.048	67	13.736	67	32.993	67	13.708	-67.5508	-67.2289	-67.5499	-67.2285	Blaiklock Island					Rauschert Dredge		Rauschert Dredge | https://doi.org/10.5281/zenodo.8013721 | Benthic sampling was carried out using a Rauschert dredge composed of a sledge-like metal frame dragging a mesh bag protected by rubber carpets along the seafloor to collect benthic and megabenthic organisms.	Blaiklock Island	https://data.aad.gov.au/aadc/gaz/scar/display_name.cfm?gaz_id=107831	LINESTRING (-67.2289 -67.5508, -67.2285 -67.5499)	-67.5504	-67.2287	101.6202532028404	51	FALSE	16:30:00	16:50:00	FALSE	2023-03-02	16:30:00Z/16:50:00Z	Henri Robert	
https://www.wikidata.org/entity/Q119843670	RD_14	2023-03-02T00:00:00Z		Henri Robert								1899-12-31T13:50:00Z	1899-12-31T14:10:00Z	67	32.984	67	13.755	67	32.928	67	13.609	-67.5497	-67.2292	-67.5488	-67.2268	Blaiklock Island					Rauschert Dredge		Rauschert Dredge | https://doi.org/10.5281/zenodo.8013721 | Benthic sampling was carried out using a Rauschert dredge composed of a sledge-like metal frame dragging a mesh bag protected by rubber carpets along the seafloor to collect benthic and megabenthic organisms.	Blaiklock Island	https://data.aad.gov.au/aadc/gaz/scar/display_name.cfm?gaz_id=107831	LINESTRING (-67.2292 -67.5497, -67.2268 -67.5488)	-67.5492	-67.228	142.99396941962806	71	FALSE	16:50:00	17:10:00	FALSE	2023-03-02	16:50:00Z/17:10:00Z	Henri Robert	
https://www.wikidata.org/entity/Q119843670	RD_15	2023-03-03T00:00:00Z		Henri Robert								1899-12-31T11:00:00Z	1899-12-31T11:20:00Z													Blaiklock Island					Rauschert Dredge	coordinateUncertaintyInMeters defaulted from gearType=Rauschert Dredge	Rauschert Dredge | https://doi.org/10.5281/zenodo.8013721 | Benthic sampling was carried out using a Rauschert dredge composed of a sledge-like metal frame dragging a mesh bag protected by rubber carpets along the seafloor to collect benthic and megabenthic organisms.	Blaiklock Island	https://data.aad.gov.au/aadc/gaz/scar/display_name.cfm?gaz_id=107831					1000	TRUE	14:00:00	14:20:00	FALSE	2023-03-03	14:00:00Z/14:20:00Z	Henri Robert	
https://www.wikidata.org/entity/Q119843670	RD_16	2023-03-03T00:00:00Z		Henri Robert								1899-12-31T17:00:00Z	1899-12-31T17:20:00Z													Blaiklock Island	28	34			Rauschert Dredge	coordinateUncertaintyInMeters defaulted from gearType=Rauschert Dredge	Rauschert Dredge | https://doi.org/10.5281/zenodo.8013721 | Benthic sampling was carried out using a Rauschert dredge composed of a sledge-like metal frame dragging a mesh bag protected by rubber carpets along the seafloor to collect benthic and megabenthic organisms.	Blaiklock Island	https://data.aad.gov.au/aadc/gaz/scar/display_name.cfm?gaz_id=107831					1000	TRUE	20:00:00	20:20:00	FALSE	2023-03-03	20:00:00Z/20:20:00Z	Henri Robert	
https://www.wikidata.org/entity/Q119843670	RD_17	2023-03-04T00:00:00Z		Henri Robert								1899-12-31T14:30:00Z	1899-12-31T15:00:00Z	67	33.019	67	14.856	67	33.021	67	14.8	-67.5503	-67.2476	-67.5504	-67.2467	Blaiklock Island	5	25			Rauschert Dredge		Rauschert Dredge | https://doi.org/10.5281/zenodo.8013721 | Benthic sampling was carried out using a Rauschert dredge composed of a sledge-like metal frame dragging a mesh bag protected by rubber carpets along the seafloor to collect benthic and megabenthic organisms.	Blaiklock Island	https://data.aad.gov.au/aadc/gaz/scar/display_name.cfm?gaz_id=107831	LINESTRING (-67.2476 -67.5503, -67.2467 -67.5504)	-67.5504	-67.2472	39.84536101697109	20	FALSE	17:30:00	18:00:00	FALSE	2023-03-04	17:30:00Z/18:00:00Z	Henri Robert	
https://www.wikidata.org/entity/Q119843670	RD_18	2023-03-05T00:00:00Z		Henri Robert								1899-12-31T14:30:00Z	1899-12-31T14:50:00Z	67	30.363	67	3.102	67	30.316	67	3.119	-67.506	-67.0517	-67.5053	-67.052	Blaiklock Island		18			Rauschert Dredge		Rauschert Dredge | https://doi.org/10.5281/zenodo.8013721 | Benthic sampling was carried out using a Rauschert dredge composed of a sledge-like metal frame dragging a mesh bag protected by rubber carpets along the seafloor to collect benthic and megabenthic organisms.	Blaiklock Island	https://data.aad.gov.au/aadc/gaz/scar/display_name.cfm?gaz_id=107831	LINESTRING (-67.0517 -67.5060, -67.0520 -67.5053)	-67.5056	-67.0518	78.96420595799651	39	FALSE	17:30:00	17:50:00	FALSE	2023-03-05	17:30:00Z/17:50:00Z	Henri Robert	
https://www.wikidata.org/entity/Q119843670	RD_19	2023-03-06T00:00:00Z		Henri Robert								1899-12-31T08:40:00Z	1899-12-31T09:00:00Z	67	30.998	67	6.104	67	30.967	67	6.012	-67.5166	-67.1017	-67.5161	-67.1002	Blaiklock Island		14	33		Rauschert Dredge	First attempt unsuccessful. Second success but poor	Rauschert Dredge | https://doi.org/10.5281/zenodo.8013721 | Benthic sampling was carried out using a Rauschert dredge composed of a sledge-like metal frame dragging a mesh bag protected by rubber carpets along the seafloor to collect benthic and megabenthic organisms.	Blaiklock Island	https://data.aad.gov.au/aadc/gaz/scar/display_name.cfm?gaz_id=107831	LINESTRING (-67.1017 -67.5166, -67.1002 -67.5161)	-67.5163	-67.101	84.70901205131551	42	FALSE	11:40:00	12:00:00	FALSE	2023-03-06	11:40:00Z/12:00:00Z	Henri Robert	
https://www.wikidata.org/entity/Q119843670	RD_2	2023-02-19T00:00:00Z		Henri Robert	Camille Moreau				https://orcid.org/0000-0002-0981-7442			1899-12-31T16:30:00Z	1899-12-31T17:00:00Z	66	0.14	65	46.52	66	0.18	65	46.65	-66.0023	-65.7753	-66.003	-65.7775	Dodman Island	18	22			Rauschert Dredge		Rauschert Dredge | https://doi.org/10.5281/zenodo.8013721 | Benthic sampling was carried out using a Rauschert dredge composed of a sledge-like metal frame dragging a mesh bag protected by rubber carpets along the seafloor to collect benthic and megabenthic organisms.	Dodman Island	https://data.aad.gov.au/aadc/gaz/scar/display_name.cfm?gaz_id=108535	LINESTRING (-65.7753 -66.0023, -65.7775 -66.0030)	-66.0026	-65.7764	126.46097888264136	63	FALSE	19:30:00	20:00:00	FALSE	2023-02-19	19:30:00Z/20:00:00Z	Henri Robert | Camille Moreau	https://orcid.org/0000-0002-0981-7442
https://www.wikidata.org/entity/Q119843670	RD_20	2023-03-06T00:00:00Z		Henri Robert								1899-12-31T15:00:00Z	1899-12-31T15:20:00Z	67	30.873	67	5.923	67	30.82	67	6.908	-67.5146	-67.0987	-67.5137	-67.1151	Blaiklock Island		18	22		Rauschert Dredge		Rauschert Dredge | https://doi.org/10.5281/zenodo.8013721 | Benthic sampling was carried out using a Rauschert dredge composed of a sledge-like metal frame dragging a mesh bag protected by rubber carpets along the seafloor to collect benthic and megabenthic organisms.	Blaiklock Island	https://data.aad.gov.au/aadc/gaz/scar/display_name.cfm?gaz_id=107831	LINESTRING (-67.0987 -67.5146, -67.1151 -67.5137)	-67.5142	-67.1069	705.3767500592135	353	FALSE	18:00:00	18:20:00	FALSE	2023-03-06	18:00:00Z/18:20:00Z	Henri Robert	
https://www.wikidata.org/entity/Q119843670	RD_21	2023-03-07T00:00:00Z		Henri Robert								1899-12-31T18:00:00Z	1899-12-31T18:20:00Z	67	32.698	67	12.602	67	32.726	67	12.824	-67.545	-67.21	-67.5454	-67.2137	Blaiklock Island		8	22		Rauschert Dredge		Rauschert Dredge | https://doi.org/10.5281/zenodo.8013721 | Benthic sampling was carried out using a Rauschert dredge composed of a sledge-like metal frame dragging a mesh bag protected by rubber carpets along the seafloor to collect benthic and megabenthic organisms.	Blaiklock Island	https://data.aad.gov.au/aadc/gaz/scar/display_name.cfm?gaz_id=107831	LINESTRING (-67.2100 -67.5450, -67.2137 -67.5454)	-67.5452	-67.2118	163.50038360876363	82	FALSE	21:00:00	21:20:00	FALSE	2023-03-07	21:00:00Z/21:20:00Z	Henri Robert	
https://www.wikidata.org/entity/Q119843670	RD_3	2023-02-20T00:00:00Z		Henri Robert								1899-12-31T17:30:00Z	1899-12-31T17:45:00Z	66	0.046	65	47.22	65	59.947	65	47.171	-66.0008	-65.787	-65.9991	-65.7862	Dodman Island	18				Rauschert Dredge		Rauschert Dredge | https://doi.org/10.5281/zenodo.8013721 | Benthic sampling was carried out using a Rauschert dredge composed of a sledge-like metal frame dragging a mesh bag protected by rubber carpets along the seafloor to collect benthic and megabenthic organisms.	Dodman Island	https://data.aad.gov.au/aadc/gaz/scar/display_name.cfm?gaz_id=108535	LINESTRING (-65.7870 -66.0008, -65.7862 -65.9991)	-66	-65.7866	192.67852719514477	96	FALSE	20:30:00	20:45:00	FALSE	2023-02-20	20:30:00Z/20:45:00Z	Henri Robert	
https://www.wikidata.org/entity/Q119843670	RD_4	2023-02-21T00:00:00Z		Henri Robert								1899-12-31T11:00:00Z	1899-12-31T11:20:00Z	66	0.253	65	46.212	66	0.0209	65	46.149	-66.0042	-65.7702	-65.7692	-65.7692	Dodman Island	21.6	15			Rauschert Dredge		Rauschert Dredge | https://doi.org/10.5281/zenodo.8013721 | Benthic sampling was carried out using a Rauschert dredge composed of a sledge-like metal frame dragging a mesh bag protected by rubber carpets along the seafloor to collect benthic and megabenthic organisms.	Dodman Island	https://data.aad.gov.au/aadc/gaz/scar/display_name.cfm?gaz_id=108535	LINESTRING (-65.7702 -66.0042, -65.7692 -65.7692)	-65.8867	-65.7697	26160.11986738744	13080	FALSE	14:00:00	14:20:00	FALSE	2023-02-21	14:00:00Z/14:20:00Z	Henri Robert	
https://www.wikidata.org/entity/Q119843670	RD_5	2023-02-21T00:00:00Z		Henri Robert								1899-12-31T14:30:00Z	1899-12-31T14:50:00Z	66	0.289	65	46.66	66	0.0221	66	46.686	-66.0048	-65.7777	-66.7781	-66.7781	Dodman Island	23	20			Rauschert Dredge		Rauschert Dredge | https://doi.org/10.5281/zenodo.8013721 | Benthic sampling was carried out using a Rauschert dredge composed of a sledge-like metal frame dragging a mesh bag protected by rubber carpets along the seafloor to collect benthic and megabenthic organisms.	Dodman Island	https://data.aad.gov.au/aadc/gaz/scar/display_name.cfm?gaz_id=108535	LINESTRING (-65.7777 -66.0048, -66.7781 -66.7781)	-66.3914	-66.2779	96948.08984820072	48474	FALSE	17:30:00	17:50:00	FALSE	2023-02-21	17:30:00Z/17:50:00Z	Henri Robert	
https://www.wikidata.org/entity/Q119843670	RD_6	2023-02-22T00:00:00Z		Henri Robert								1899-12-31T10:30:00Z	1899-12-31T10:50:00Z	66	59.815	65	46.868	65	59.774	65	46.64	-66.9969	-65.7811	-65.9962	-65.7773	Dodman Island	10.5	12			Rauschert Dredge		Rauschert Dredge | https://doi.org/10.5281/zenodo.8013721 | Benthic sampling was carried out using a Rauschert dredge composed of a sledge-like metal frame dragging a mesh bag protected by rubber carpets along the seafloor to collect benthic and megabenthic organisms.	Dodman Island	https://data.aad.gov.au/aadc/gaz/scar/display_name.cfm?gaz_id=108535	LINESTRING (-65.7811 -66.9969, -65.7773 -65.9962)	-66.4966	-65.7792	111397.54212118487	55699	FALSE	13:30:00	13:50:00	FALSE	2023-02-22	13:30:00Z/13:50:00Z	Henri Robert	
https://www.wikidata.org/entity/Q119843670	RD_7	2023-02-22T00:00:00Z		Henri Robert								1899-12-31T18:00:00Z	1899-12-31T18:30:00Z	66	59.932	65	46.485	66	0.01	65	46.601	-66.9989	-65.7748	-66.0002	-65.7767	Dodman Island	10	11			Rauschert Dredge		Rauschert Dredge | https://doi.org/10.5281/zenodo.8013721 | Benthic sampling was carried out using a Rauschert dredge composed of a sledge-like metal frame dragging a mesh bag protected by rubber carpets along the seafloor to collect benthic and megabenthic organisms.	Dodman Island	https://data.aad.gov.au/aadc/gaz/scar/display_name.cfm?gaz_id=108535	LINESTRING (-65.7748 -66.9989, -65.7767 -66.0002)	-66.4996	-65.7758	111174.80743262006	55587	FALSE	21:00:00	21:30:00	FALSE	2023-02-22	21:00:00Z/21:30:00Z	Henri Robert	
https://www.wikidata.org/entity/Q119843670	RD_8	2023-02-23T00:00:00Z		Henri Robert								1899-12-31T15:30:00Z	1899-12-31T15:50:00Z	66	0.478	65	46.527	66	0.418	65	46.572	-66.008	-65.7755	-66.007	-65.7762	Dodman Island	38	58			Rauschert Dredge		Rauschert Dredge | https://doi.org/10.5281/zenodo.8013721 | Benthic sampling was carried out using a Rauschert dredge composed of a sledge-like metal frame dragging a mesh bag protected by rubber carpets along the seafloor to collect benthic and megabenthic organisms.	Dodman Island	https://data.aad.gov.au/aadc/gaz/scar/display_name.cfm?gaz_id=108535	LINESTRING (-65.7755 -66.0080, -65.7762 -66.0070)	-66.0075	-65.7758	115.74097584158949	58	FALSE	18:30:00	18:50:00	FALSE	2023-02-23	18:30:00Z/18:50:00Z	Henri Robert	
https://www.wikidata.org/entity/Q119843670	RD_9	2023-02-24T00:00:00Z		Henri Robert								1899-12-31T16:30:00Z	1899-12-31T16:50:00Z	65	59.856	65	47.312	65	59.949	65	47.364	-65.9976	-65.7885	-65.9992	-65.9992	Dodman Island					Rauschert Dredge		Rauschert Dredge | https://doi.org/10.5281/zenodo.8013721 | Benthic sampling was carried out using a Rauschert dredge composed of a sledge-like metal frame dragging a mesh bag protected by rubber carpets along the seafloor to collect benthic and megabenthic organisms.	Dodman Island	https://data.aad.gov.au/aadc/gaz/scar/display_name.cfm?gaz_id=108535	LINESTRING (-65.7885 -65.9976, -65.9992 -65.9992)	-65.9984	-65.8938	9542.271037093617	4771	FALSE	19:30:00	19:50:00	FALSE	2023-02-24	19:30:00Z/19:50:00Z	Henri Robert	
https://www.wikidata.org/entity/Q119843670	ROV_1	2023-02-19T00:00:00Z		Lea Katz				https://orcid.org/0000-0001-5748-602X				1899-12-31T09:50:00Z	1899-12-31T10:30:00Z	66	0.016	65	46.643					-66.0003	-65.7774			Dodman Island	0	12			Remotely Operated Vehicle	1 big quadrat | coordinateUncertaintyInMeters defaulted from gearType=Remotely Operated Vehicle	Remotely Operated Vehicle | https://doi.org/10.5281/zenodo.8013721 | Images of the sea floor were collected using a Remotely Operated Vehicle (BlueROV2) equipped with cameras and onboard sensors. The ROV was flown at constant speed (>1 m s⁻¹) and approximately constant altitude (around 1 m above the seabed, depending on visibility). Sampling consisted of flying the ROV over predefined square-shaped areas or along transects to document benthic habitats.	Dodman Island	https://data.aad.gov.au/aadc/gaz/scar/display_name.cfm?gaz_id=108535		-66.0003	-65.7774		1000	TRUE	12:50:00	13:30:00	FALSE	2023-02-19	12:50:00Z/13:30:00Z	Lea Katz	https://orcid.org/0000-0001-5748-602X
https://www.wikidata.org/entity/Q119843670	ROV_10	2023-02-25T00:00:00Z		Lea Katz	Annette Bombosch			https://orcid.org/0000-0001-5748-602X				1899-12-31T14:00:00Z	1899-12-31T14:25:00Z	66	1.5172	65	46.759					-66.0253	-65.7793			Grandidier Channel					Remotely Operated Vehicle	coordinateUncertaintyInMeters defaulted from gearType=Remotely Operated Vehicle	Remotely Operated Vehicle | https://doi.org/10.5281/zenodo.8013721 | Images of the sea floor were collected using a Remotely Operated Vehicle (BlueROV2) equipped with cameras and onboard sensors. The ROV was flown at constant speed (>1 m s⁻¹) and approximately constant altitude (around 1 m above the seabed, depending on visibility). Sampling consisted of flying the ROV over predefined square-shaped areas or along transects to document benthic habitats.	Grandidier Channel	https://data.aad.gov.au/aadc/gaz/scar/display_name.cfm?gaz_id=109091		-66.0253	-65.7793		1000	TRUE	17:00:00	17:25:00	FALSE	2023-02-25	17:00:00Z/17:25:00Z	Lea Katz | Annette Bombosch	https://orcid.org/0000-0001-5748-602X
https://www.wikidata.org/entity/Q119843670	ROV_11	2023-02-25T00:00:00Z		Lea Katz	Annette Bombosch			https://orcid.org/0000-0001-5748-602X				1899-12-31T14:30:00Z	1899-12-31T14:50:00Z	66	1.5172	65	46.759					-66.0253	-65.7793			Grandidier Channel					Remotely Operated Vehicle	coordinateUncertaintyInMeters defaulted from gearType=Remotely Operated Vehicle	Remotely Operated Vehicle | https://doi.org/10.5281/zenodo.8013721 | Images of the sea floor were collected using a Remotely Operated Vehicle (BlueROV2) equipped with cameras and onboard sensors. The ROV was flown at constant speed (>1 m s⁻¹) and approximately constant altitude (around 1 m above the seabed, depending on visibility). Sampling consisted of flying the ROV over predefined square-shaped areas or along transects to document benthic habitats.	Grandidier Channel	https://data.aad.gov.au/aadc/gaz/scar/display_name.cfm?gaz_id=109091		-66.0253	-65.7793		1000	TRUE	17:30:00	17:50:00	FALSE	2023-02-25	17:30:00Z/17:50:00Z	Lea Katz | Annette Bombosch	https://orcid.org/0000-0001-5748-602X
https://www.wikidata.org/entity/Q119843670	ROV_12	2023-02-26T00:00:00Z		Lea Katz	Henri Robert			https://orcid.org/0000-0001-5748-602X				1899-12-31T16:15:00Z	1899-12-31T17:15:00Z	65	59.805	65	46.891					-65.9968	-65.7815			Dodman Island					Remotely Operated Vehicle	coordinateUncertaintyInMeters defaulted from gearType=Remotely Operated Vehicle	Remotely Operated Vehicle | https://doi.org/10.5281/zenodo.8013721 | Images of the sea floor were collected using a Remotely Operated Vehicle (BlueROV2) equipped with cameras and onboard sensors. The ROV was flown at constant speed (>1 m s⁻¹) and approximately constant altitude (around 1 m above the seabed, depending on visibility). Sampling consisted of flying the ROV over predefined square-shaped areas or along transects to document benthic habitats.	Dodman Island	https://data.aad.gov.au/aadc/gaz/scar/display_name.cfm?gaz_id=108535		-65.9968	-65.7815		1000	TRUE	19:15:00	20:15:00	FALSE	2023-02-26	19:15:00Z/20:15:00Z	Lea Katz | Henri Robert	https://orcid.org/0000-0001-5748-602X
https://www.wikidata.org/entity/Q119843670	ROV_13	2023-02-27T00:00:00Z		Lea Katz				https://orcid.org/0000-0001-5748-602X				1899-12-31T15:23:00Z	1899-12-31T16:20:00Z	66	0.16	65	46.313					-66.0027	-65.7719			Dodman Island					Remotely Operated Vehicle	coordinateUncertaintyInMeters defaulted from gearType=Remotely Operated Vehicle	Remotely Operated Vehicle | https://doi.org/10.5281/zenodo.8013721 | Images of the sea floor were collected using a Remotely Operated Vehicle (BlueROV2) equipped with cameras and onboard sensors. The ROV was flown at constant speed (>1 m s⁻¹) and approximately constant altitude (around 1 m above the seabed, depending on visibility). Sampling consisted of flying the ROV over predefined square-shaped areas or along transects to document benthic habitats.	Dodman Island	https://data.aad.gov.au/aadc/gaz/scar/display_name.cfm?gaz_id=108535		-66.0027	-65.7719		1000	TRUE	18:23:00	19:20:00	FALSE	2023-02-27	18:23:00Z/19:20:00Z	Lea Katz	https://orcid.org/0000-0001-5748-602X
https://www.wikidata.org/entity/Q119843670	ROV_14	2023-02-28T00:00:00Z		Lea Katz				https://orcid.org/0000-0001-5748-602X				1899-12-31T17:00:00Z	1899-12-31T17:40:00Z	66	0.577	65	46.303	66	0.513	65	46.192	-66.0096	-65.7717	-66.0086	-65.7699	Dodman Island					Remotely Operated Vehicle		Remotely Operated Vehicle | https://doi.org/10.5281/zenodo.8013721 | Images of the sea floor were collected using a Remotely Operated Vehicle (BlueROV2) equipped with cameras and onboard sensors. The ROV was flown at constant speed (>1 m s⁻¹) and approximately constant altitude (around 1 m above the seabed, depending on visibility). Sampling consisted of flying the ROV over predefined square-shaped areas or along transects to document benthic habitats.	Dodman Island	https://data.aad.gov.au/aadc/gaz/scar/display_name.cfm?gaz_id=108535	LINESTRING (-65.7717 -66.0096, -65.7699 -66.0086)	-66.0091	-65.7708	137.94753587864759	69	FALSE	20:00:00	20:40:00	FALSE	2023-02-28	20:00:00Z/20:40:00Z	Lea Katz	https://orcid.org/0000-0001-5748-602X
https://www.wikidata.org/entity/Q119843670	ROV_15	2023-03-02T00:00:00Z		Lea Katz				https://orcid.org/0000-0001-5748-602X				1899-12-31T15:15:00Z	1899-12-31T16:15:00Z	67	33.112	67	12.89					-67.5519	-67.2148			Blaiklock Island					Remotely Operated Vehicle	coordinateUncertaintyInMeters defaulted from gearType=Remotely Operated Vehicle	Remotely Operated Vehicle | https://doi.org/10.5281/zenodo.8013721 | Images of the sea floor were collected using a Remotely Operated Vehicle (BlueROV2) equipped with cameras and onboard sensors. The ROV was flown at constant speed (>1 m s⁻¹) and approximately constant altitude (around 1 m above the seabed, depending on visibility). Sampling consisted of flying the ROV over predefined square-shaped areas or along transects to document benthic habitats.	Blaiklock Island	https://data.aad.gov.au/aadc/gaz/scar/display_name.cfm?gaz_id=107831		-67.5519	-67.2148		1000	TRUE	18:15:00	19:15:00	FALSE	2023-03-02	18:15:00Z/19:15:00Z	Lea Katz	https://orcid.org/0000-0001-5748-602X
https://www.wikidata.org/entity/Q119843670	ROV_17	2023-03-03T00:00:00Z		Lea Katz	Henri Robert	Ben Wallis		https://orcid.org/0000-0001-5748-602X				1899-12-31T13:50:00Z	1899-12-31T14:05:00Z	67	33.112	67	12.89					-67.5519	-67.2148			Blaiklock Island					Remotely Operated Vehicle	coordinateUncertaintyInMeters defaulted from gearType=Remotely Operated Vehicle	Remotely Operated Vehicle | https://doi.org/10.5281/zenodo.8013721 | Images of the sea floor were collected using a Remotely Operated Vehicle (BlueROV2) equipped with cameras and onboard sensors. The ROV was flown at constant speed (>1 m s⁻¹) and approximately constant altitude (around 1 m above the seabed, depending on visibility). Sampling consisted of flying the ROV over predefined square-shaped areas or along transects to document benthic habitats.	Blaiklock Island	https://data.aad.gov.au/aadc/gaz/scar/display_name.cfm?gaz_id=107831		-67.5519	-67.2148		1000	TRUE	16:50:00	17:05:00	FALSE	2023-03-03	16:50:00Z/17:05:00Z	Lea Katz | Henri Robert | Ben Wallis	https://orcid.org/0000-0001-5748-602X
https://www.wikidata.org/entity/Q119843670	ROV_18	2023-03-03T00:00:00Z		Lea Katz	Henri Robert			https://orcid.org/0000-0001-5748-602X				1899-12-31T16:10:00Z	1899-12-31T17:10:00Z									-67.5458	-67.2143			Blaiklock Island					Mavic 2 PRO drone aerial mapping	DroneDeploy Photogrammetry | coordinateUncertaintyInMeters defaulted from gearType=Mavic 2 PRO drone aerial mapping	Mavic 2 PRO drone aerial mapping | https://doi.org/10.5281/zenodo.8013721 | The drone (DJI MavicPro2) was deployed when weather conditions allowed (wind velocity <10 kts, good visibility). Aerial survey imagery consisted in flying the drone at high altitude (approximately 500 m) and manually taking high-resolution images of the general setup of the working area. Mapping operations consisted in flying the drone along a pre-programmed automated flight path at an altitude of approximately 60 m, resulting in a sequence of georeferenced images suitable for orthomosaic and photogrammetric processing.	Blaiklock Island	https://data.aad.gov.au/aadc/gaz/scar/display_name.cfm?gaz_id=107831		-67.5458	-67.2143		1000	TRUE	19:10:00	20:10:00	FALSE	2023-03-03	19:10:00Z/20:10:00Z	Lea Katz | Henri Robert	https://orcid.org/0000-0001-5748-602X
https://www.wikidata.org/entity/Q119843670	ROV_19	2023-03-04T00:00:00Z		Lea Katz	Henri Robert			https://orcid.org/0000-0001-5748-602X				1899-12-31T11:30:00Z	1899-12-31T12:00:00Z	67	32.994	67	14.852					-67.5499	-67.2475			Blaiklock Island		42			Remotely Operated Vehicle	coordinateUncertaintyInMeters defaulted from gearType=Remotely Operated Vehicle	Remotely Operated Vehicle | https://doi.org/10.5281/zenodo.8013721 | Images of the sea floor were collected using a Remotely Operated Vehicle (BlueROV2) equipped with cameras and onboard sensors. The ROV was flown at constant speed (>1 m s⁻¹) and approximately constant altitude (around 1 m above the seabed, depending on visibility). Sampling consisted of flying the ROV over predefined square-shaped areas or along transects to document benthic habitats.	Blaiklock Island	https://data.aad.gov.au/aadc/gaz/scar/display_name.cfm?gaz_id=107831		-67.5499	-67.2475		1000	TRUE	14:30:00	15:00:00	FALSE	2023-03-04	14:30:00Z/15:00:00Z	Lea Katz | Henri Robert	https://orcid.org/0000-0001-5748-602X
https://www.wikidata.org/entity/Q119843670	ROV_2	2023-02-19T00:00:00Z		Lea Katz				https://orcid.org/0000-0001-5748-602X				1899-12-31T15:30:00Z	1899-12-31T16:00:00Z	66	0.016	65	46.643					-66.0003	-65.7774			Dodman Island	0	12			Remotely Operated Vehicle	1 quadrat + 1 transect | coordinateUncertaintyInMeters defaulted from gearType=Remotely Operated Vehicle	Remotely Operated Vehicle | https://doi.org/10.5281/zenodo.8013721 | Images of the sea floor were collected using a Remotely Operated Vehicle (BlueROV2) equipped with cameras and onboard sensors. The ROV was flown at constant speed (>1 m s⁻¹) and approximately constant altitude (around 1 m above the seabed, depending on visibility). Sampling consisted of flying the ROV over predefined square-shaped areas or along transects to document benthic habitats.	Dodman Island	https://data.aad.gov.au/aadc/gaz/scar/display_name.cfm?gaz_id=108535		-66.0003	-65.7774		1000	TRUE	18:30:00	19:00:00	FALSE	2023-02-19	18:30:00Z/19:00:00Z	Lea Katz	https://orcid.org/0000-0001-5748-602X
https://www.wikidata.org/entity/Q119843670	ROV_20	2023-03-05T00:00:00Z		Lea Katz	Camille Moreau			https://orcid.org/0000-0001-5748-602X	https://orcid.org/0000-0002-0981-7442			1899-12-31T10:30:00Z	1899-12-31T11:30:00Z	67	30.3081	67	3.104					-67.5051	-67.0517			Blaiklock Island					Remotely Operated Vehicle	coordinateUncertaintyInMeters defaulted from gearType=Remotely Operated Vehicle	Remotely Operated Vehicle | https://doi.org/10.5281/zenodo.8013721 | Images of the sea floor were collected using a Remotely Operated Vehicle (BlueROV2) equipped with cameras and onboard sensors. The ROV was flown at constant speed (>1 m s⁻¹) and approximately constant altitude (around 1 m above the seabed, depending on visibility). Sampling consisted of flying the ROV over predefined square-shaped areas or along transects to document benthic habitats.	Blaiklock Island	https://data.aad.gov.au/aadc/gaz/scar/display_name.cfm?gaz_id=107831		-67.5051	-67.0517		1000	TRUE	13:30:00	14:30:00	FALSE	2023-03-05	13:30:00Z/14:30:00Z	Lea Katz | Camille Moreau	https://orcid.org/0000-0001-5748-602X | https://orcid.org/0000-0002-0981-7442
https://www.wikidata.org/entity/Q119843670	ROV_21	2023-03-05T00:00:00Z		Lea Katz	Bruno Danis	Henri Robert	Ben Wallis	https://orcid.org/0000-0001-5748-602X	https://orcid.org/0000-0002-9037-7623			1899-12-31T20:00:00Z	1899-12-31T21:00:00Z													Blaiklock Island		20			Mavic 2 PRO drone aerial mapping	DroneDeploy Photogrammetry | coordinateUncertaintyInMeters defaulted from gearType=Mavic 2 PRO drone aerial mapping	Mavic 2 PRO drone aerial mapping | https://doi.org/10.5281/zenodo.8013721 | The drone (DJI MavicPro2) was deployed when weather conditions allowed (wind velocity <10 kts, good visibility). Aerial survey imagery consisted in flying the drone at high altitude (approximately 500 m) and manually taking high-resolution images of the general setup of the working area. Mapping operations consisted in flying the drone along a pre-programmed automated flight path at an altitude of approximately 60 m, resulting in a sequence of georeferenced images suitable for orthomosaic and photogrammetric processing.	Blaiklock Island	https://data.aad.gov.au/aadc/gaz/scar/display_name.cfm?gaz_id=107831					1000	TRUE	23:00:00	00:00:00	FALSE	2023-03-05	23:00:00Z/00:00:00Z	Lea Katz | Bruno Danis | Henri Robert | Ben Wallis	https://orcid.org/0000-0001-5748-602X | https://orcid.org/0000-0002-9037-7623
https://www.wikidata.org/entity/Q119843670	ROV_22	2023-03-06T00:00:00Z		Lea Katz				https://orcid.org/0000-0001-5748-602X				1899-12-31T14:15:00Z	1899-12-31T15:00:00Z	67	30.905	67	5.999					-67.5151	-67.1			Blaiklock Island					Remotely Operated Vehicle	3 quadrats | coordinateUncertaintyInMeters defaulted from gearType=Remotely Operated Vehicle	Remotely Operated Vehicle | https://doi.org/10.5281/zenodo.8013721 | Images of the sea floor were collected using a Remotely Operated Vehicle (BlueROV2) equipped with cameras and onboard sensors. The ROV was flown at constant speed (>1 m s⁻¹) and approximately constant altitude (around 1 m above the seabed, depending on visibility). Sampling consisted of flying the ROV over predefined square-shaped areas or along transects to document benthic habitats.	Blaiklock Island	https://data.aad.gov.au/aadc/gaz/scar/display_name.cfm?gaz_id=107831		-67.5151	-67.1		1000	TRUE	17:15:00	18:00:00	FALSE	2023-03-06	17:15:00Z/18:00:00Z	Lea Katz	https://orcid.org/0000-0001-5748-602X
https://www.wikidata.org/entity/Q119843670	ROV_23	2023-03-07T00:00:00Z		Lea Katz				https://orcid.org/0000-0001-5748-602X				1899-12-31T14:15:00Z	1899-12-31T15:45:00Z	67	30.195	67	7.834					-67.5032	-67.1306			Blaiklock Island					Remotely Operated Vehicle	Transect on seamount | coordinateUncertaintyInMeters defaulted from gearType=Remotely Operated Vehicle	Remotely Operated Vehicle | https://doi.org/10.5281/zenodo.8013721 | Images of the sea floor were collected using a Remotely Operated Vehicle (BlueROV2) equipped with cameras and onboard sensors. The ROV was flown at constant speed (>1 m s⁻¹) and approximately constant altitude (around 1 m above the seabed, depending on visibility). Sampling consisted of flying the ROV over predefined square-shaped areas or along transects to document benthic habitats.	Blaiklock Island	https://data.aad.gov.au/aadc/gaz/scar/display_name.cfm?gaz_id=107831		-67.5032	-67.1306		1000	TRUE	17:15:00	18:45:00	FALSE	2023-03-07	17:15:00Z/18:45:00Z	Lea Katz	https://orcid.org/0000-0001-5748-602X
https://www.wikidata.org/entity/Q119843670	ROV_3	2023-02-19T00:00:00Z		Lea Katz				https://orcid.org/0000-0001-5748-602X				1899-12-31T16:05:00Z	1899-12-31T16:15:00Z	66	0.016	65	46.643					-66.0003	-65.7774			Dodman Island	0	12			Remotely Operated Vehicle	Transect tests | coordinateUncertaintyInMeters defaulted from gearType=Remotely Operated Vehicle	Remotely Operated Vehicle | https://doi.org/10.5281/zenodo.8013721 | Images of the sea floor were collected using a Remotely Operated Vehicle (BlueROV2) equipped with cameras and onboard sensors. The ROV was flown at constant speed (>1 m s⁻¹) and approximately constant altitude (around 1 m above the seabed, depending on visibility). Sampling consisted of flying the ROV over predefined square-shaped areas or along transects to document benthic habitats.	Dodman Island	https://data.aad.gov.au/aadc/gaz/scar/display_name.cfm?gaz_id=108535		-66.0003	-65.7774		1000	TRUE	19:05:00	19:15:00	FALSE	2023-02-19	19:05:00Z/19:15:00Z	Lea Katz	https://orcid.org/0000-0001-5748-602X
https://www.wikidata.org/entity/Q119843670	ROV_4	2023-02-20T00:00:00Z		Lea Katz	Henri Robert			https://orcid.org/0000-0001-5748-602X				1899-12-31T15:31:00Z	1899-12-31T16:51:00Z	66	0.016	65	46.643					-66.0003	-65.7774			Dodman Island	0	12			Remotely Operated Vehicle	3 quadrats | coordinateUncertaintyInMeters defaulted from gearType=Remotely Operated Vehicle	Remotely Operated Vehicle | https://doi.org/10.5281/zenodo.8013721 | Images of the sea floor were collected using a Remotely Operated Vehicle (BlueROV2) equipped with cameras and onboard sensors. The ROV was flown at constant speed (>1 m s⁻¹) and approximately constant altitude (around 1 m above the seabed, depending on visibility). Sampling consisted of flying the ROV over predefined square-shaped areas or along transects to document benthic habitats.	Dodman Island	https://data.aad.gov.au/aadc/gaz/scar/display_name.cfm?gaz_id=108535		-66.0003	-65.7774		1000	TRUE	18:31:00	19:51:00	FALSE	2023-02-20	18:31:00Z/19:51:00Z	Lea Katz | Henri Robert	https://orcid.org/0000-0001-5748-602X
https://www.wikidata.org/entity/Q119843670	ROV_5	2023-02-22T00:00:00Z		Lea Katz	Henri Robert			https://orcid.org/0000-0001-5748-602X				1899-12-31T09:00:00Z	1899-12-31T09:50:00Z	66	0.027	65	46.75					-66.0004	-65.7792			Dodman Island					Remotely Operated Vehicle	coordinateUncertaintyInMeters defaulted from gearType=Remotely Operated Vehicle	Remotely Operated Vehicle | https://doi.org/10.5281/zenodo.8013721 | Images of the sea floor were collected using a Remotely Operated Vehicle (BlueROV2) equipped with cameras and onboard sensors. The ROV was flown at constant speed (>1 m s⁻¹) and approximately constant altitude (around 1 m above the seabed, depending on visibility). Sampling consisted of flying the ROV over predefined square-shaped areas or along transects to document benthic habitats.	Dodman Island	https://data.aad.gov.au/aadc/gaz/scar/display_name.cfm?gaz_id=108535		-66.0004	-65.7792		1000	TRUE	12:00:00	12:50:00	FALSE	2023-02-22	12:00:00Z/12:50:00Z	Lea Katz | Henri Robert	https://orcid.org/0000-0001-5748-602X
https://www.wikidata.org/entity/Q119843670	ROV_6	2023-02-22T00:00:00Z		Lea Katz	Henri Robert			https://orcid.org/0000-0001-5748-602X				1899-12-31T14:55:00Z	1899-12-31T16:08:00Z	66	0.027	65	46.75					-66.0004	-65.7792			Dodman Island					Remotely Operated Vehicle	coordinateUncertaintyInMeters defaulted from gearType=Remotely Operated Vehicle	Remotely Operated Vehicle | https://doi.org/10.5281/zenodo.8013721 | Images of the sea floor were collected using a Remotely Operated Vehicle (BlueROV2) equipped with cameras and onboard sensors. The ROV was flown at constant speed (>1 m s⁻¹) and approximately constant altitude (around 1 m above the seabed, depending on visibility). Sampling consisted of flying the ROV over predefined square-shaped areas or along transects to document benthic habitats.	Dodman Island	https://data.aad.gov.au/aadc/gaz/scar/display_name.cfm?gaz_id=108535		-66.0004	-65.7792		1000	TRUE	17:55:00	19:08:00	FALSE	2023-02-22	17:55:00Z/19:08:00Z	Lea Katz | Henri Robert	https://orcid.org/0000-0001-5748-602X
https://www.wikidata.org/entity/Q119843670	ROV_7	2023-02-23T00:00:00Z		Lea Katz	Bruno Danis			https://orcid.org/0000-0001-5748-602X	https://orcid.org/0000-0002-9037-7623			1899-12-31T15:20:00Z	1899-12-31T16:20:00Z	65	59.99	65	47.086					-65.9998	-65.7848			Dodman Island					Remotely Operated Vehicle	coordinateUncertaintyInMeters defaulted from gearType=Remotely Operated Vehicle	Remotely Operated Vehicle | https://doi.org/10.5281/zenodo.8013721 | Images of the sea floor were collected using a Remotely Operated Vehicle (BlueROV2) equipped with cameras and onboard sensors. The ROV was flown at constant speed (>1 m s⁻¹) and approximately constant altitude (around 1 m above the seabed, depending on visibility). Sampling consisted of flying the ROV over predefined square-shaped areas or along transects to document benthic habitats.	Dodman Island	https://data.aad.gov.au/aadc/gaz/scar/display_name.cfm?gaz_id=108535		-65.9998	-65.7848		1000	TRUE	18:20:00	19:20:00	FALSE	2023-02-23	18:20:00Z/19:20:00Z	Lea Katz | Bruno Danis	https://orcid.org/0000-0001-5748-602X | https://orcid.org/0000-0002-9037-7623
https://www.wikidata.org/entity/Q119843670	ROV_8	2023-02-24T00:00:00Z		Lea Katz				https://orcid.org/0000-0001-5748-602X				1899-12-31T14:50:00Z	1899-12-31T15:10:00Z													Dodman Island					Remotely Operated Vehicle	coordinateUncertaintyInMeters defaulted from gearType=Remotely Operated Vehicle	Remotely Operated Vehicle | https://doi.org/10.5281/zenodo.8013721 | Images of the sea floor were collected using a Remotely Operated Vehicle (BlueROV2) equipped with cameras and onboard sensors. The ROV was flown at constant speed (>1 m s⁻¹) and approximately constant altitude (around 1 m above the seabed, depending on visibility). Sampling consisted of flying the ROV over predefined square-shaped areas or along transects to document benthic habitats.	Dodman Island	https://data.aad.gov.au/aadc/gaz/scar/display_name.cfm?gaz_id=108535					1000	TRUE	17:50:00	18:10:00	FALSE	2023-02-24	17:50:00Z/18:10:00Z	Lea Katz	https://orcid.org/0000-0001-5748-602X
https://www.wikidata.org/entity/Q119843670	ROV_9	2023-02-24T00:00:00Z		Lea Katz	Henri Robert			https://orcid.org/0000-0001-5748-602X				1899-12-31T15:55:00Z	1899-12-31T16:45:00Z													Dodman Island					Remotely Operated Vehicle	coordinateUncertaintyInMeters defaulted from gearType=Remotely Operated Vehicle	Remotely Operated Vehicle | https://doi.org/10.5281/zenodo.8013721 | Images of the sea floor were collected using a Remotely Operated Vehicle (BlueROV2) equipped with cameras and onboard sensors. The ROV was flown at constant speed (>1 m s⁻¹) and approximately constant altitude (around 1 m above the seabed, depending on visibility). Sampling consisted of flying the ROV over predefined square-shaped areas or along transects to document benthic habitats.	Dodman Island	https://data.aad.gov.au/aadc/gaz/scar/display_name.cfm?gaz_id=108535					1000	TRUE	18:55:00	19:45:00	FALSE	2023-02-24	18:55:00Z/19:45:00Z	Lea Katz | Henri Robert	https://orcid.org/0000-0001-5748-602X
https://www.wikidata.org/entity/Q119843670	SCUBA_1	2023-02-20T00:00:00Z		Francesca Pasotti	Camille Moreau			https://orcid.org/0000-0002-8971-8195	https://orcid.org/0000-0002-0981-7442			1899-12-31T09:30:00Z	1899-12-31T09:40:00Z	66	59.948	65	47.391					-66.9991	-65.7898			Dodman Island					Scuba Divers	Glove Leak FP | coordinateUncertaintyInMeters defaulted from gearType=Scuba Divers	Scuba Divers | https://doi.org/10.5281/zenodo.8013721 | Scientific SCUBA diving was used to conduct underwater observations and sampling as part of the site characterisation and sampling strategy. Divers operated in shallow coastal areas to document habitats and carry out sampling tasks.	Dodman Island	https://data.aad.gov.au/aadc/gaz/scar/display_name.cfm?gaz_id=108535		-66.9991	-65.7898		1000	TRUE	12:30:00	12:40:00	FALSE	2023-02-20	12:30:00Z/12:40:00Z	Francesca Pasotti | Camille Moreau	https://orcid.org/0000-0002-8971-8195 | https://orcid.org/0000-0002-0981-7442
https://www.wikidata.org/entity/Q119843670	SCUBA_10	2023-02-23T00:00:00Z			Francesca Pasotti				https://orcid.org/0000-0002-8971-8195			1899-12-31T11:48:00Z	1899-12-31T12:06:00Z	65	59.9	65	47.386					-65.9983	-65.7898			Dodman Island	0	17.1			Scuba Divers	coordinateUncertaintyInMeters defaulted from gearType=Scuba Divers	Scuba Divers | https://doi.org/10.5281/zenodo.8013721 | Scientific SCUBA diving was used to conduct underwater observations and sampling as part of the site characterisation and sampling strategy. Divers operated in shallow coastal areas to document habitats and carry out sampling tasks.	Dodman Island	https://data.aad.gov.au/aadc/gaz/scar/display_name.cfm?gaz_id=108535		-65.9983	-65.7898		1000	TRUE	14:48:00	15:06:00	FALSE	2023-02-23	14:48:00Z/15:06:00Z	Francesca Pasotti	https://orcid.org/0000-0002-8971-8195
https://www.wikidata.org/entity/Q119843670	SCUBA_11	2023-02-24T00:00:00Z		Camille Moreau	Martin Dogniez			https://orcid.org/0000-0002-0981-7442	https://orcid.org/0000-0002-9708-1761			1899-12-31T09:30:00Z	1899-12-31T10:17:00Z	65	59.9	65	47.386					-65.9983	-65.7898			Dodman Island					Scuba Divers	coordinateUncertaintyInMeters defaulted from gearType=Scuba Divers	Scuba Divers | https://doi.org/10.5281/zenodo.8013721 | Scientific SCUBA diving was used to conduct underwater observations and sampling as part of the site characterisation and sampling strategy. Divers operated in shallow coastal areas to document habitats and carry out sampling tasks.	Dodman Island	https://data.aad.gov.au/aadc/gaz/scar/display_name.cfm?gaz_id=108535		-65.9983	-65.7898		1000	TRUE	12:30:00	13:17:00	FALSE	2023-02-24	12:30:00Z/13:17:00Z	Camille Moreau | Martin Dogniez	https://orcid.org/0000-0002-0981-7442 | https://orcid.org/0000-0002-9708-1761
https://www.wikidata.org/entity/Q119843670	SCUBA_12	2023-02-26T00:00:00Z		Martin Dogniez	Lea Katz			https://orcid.org/0000-0002-9708-1761	https://orcid.org/0000-0001-5748-602X					66	0.16	65	46.313					-66.0027	-65.7719			Dodman Island					Scuba Divers	coordinateUncertaintyInMeters defaulted from gearType=Scuba Divers	Scuba Divers | https://doi.org/10.5281/zenodo.8013721 | Scientific SCUBA diving was used to conduct underwater observations and sampling as part of the site characterisation and sampling strategy. Divers operated in shallow coastal areas to document habitats and carry out sampling tasks.	Dodman Island	https://data.aad.gov.au/aadc/gaz/scar/display_name.cfm?gaz_id=108535		-66.0027	-65.7719		1000	TRUE			FALSE	2023-02-26		Martin Dogniez | Lea Katz	https://orcid.org/0000-0002-9708-1761 | https://orcid.org/0000-0001-5748-602X
https://www.wikidata.org/entity/Q119843670	SCUBA_13	2023-02-26T00:00:00Z		Francesca Pasotti	Camille Moreau			https://orcid.org/0000-0002-8971-8195	https://orcid.org/0000-0002-0981-7442			1899-12-31T18:02:00Z	1899-12-31T18:35:00Z	66	0.16	65	46.313					-66.0027	-65.7719			Dodman Island					Scuba Divers	coordinateUncertaintyInMeters defaulted from gearType=Scuba Divers	Scuba Divers | https://doi.org/10.5281/zenodo.8013721 | Scientific SCUBA diving was used to conduct underwater observations and sampling as part of the site characterisation and sampling strategy. Divers operated in shallow coastal areas to document habitats and carry out sampling tasks.	Dodman Island	https://data.aad.gov.au/aadc/gaz/scar/display_name.cfm?gaz_id=108535		-66.0027	-65.7719		1000	TRUE	21:02:00	21:35:00	FALSE	2023-02-26	21:02:00Z/21:35:00Z	Francesca Pasotti | Camille Moreau	https://orcid.org/0000-0002-8971-8195 | https://orcid.org/0000-0002-0981-7442
https://www.wikidata.org/entity/Q119843670	SCUBA_14	2023-02-27T00:00:00Z		Francesca Pasotti	Camille Moreau	Lea Katz	Martin Dogniez	https://orcid.org/0000-0002-8971-8195	https://orcid.org/0000-0002-0981-7442	https://orcid.org/0000-0001-5748-602X	https://orcid.org/0000-0002-9708-1761	1899-12-31T09:34:00Z	1899-12-31T10:10:00Z	66	0.16	65	46.313					-66.0027	-65.7719			Dodman Island					Scuba Divers	coordinateUncertaintyInMeters defaulted from gearType=Scuba Divers	Scuba Divers | https://doi.org/10.5281/zenodo.8013721 | Scientific SCUBA diving was used to conduct underwater observations and sampling as part of the site characterisation and sampling strategy. Divers operated in shallow coastal areas to document habitats and carry out sampling tasks.	Dodman Island	https://data.aad.gov.au/aadc/gaz/scar/display_name.cfm?gaz_id=108535		-66.0027	-65.7719		1000	TRUE	12:34:00	13:10:00	FALSE	2023-02-27	12:34:00Z/13:10:00Z	Francesca Pasotti | Camille Moreau | Lea Katz | Martin Dogniez	https://orcid.org/0000-0002-8971-8195 | https://orcid.org/0000-0002-0981-7442 | https://orcid.org/0000-0001-5748-602X | https://orcid.org/0000-0002-9708-1761
https://www.wikidata.org/entity/Q119843670	SCUBA_15	2023-02-28T00:00:00Z		Camille Moreau	Martin Dogniez			https://orcid.org/0000-0002-0981-7442	https://orcid.org/0000-0002-9708-1761					66	0.16	65	46.313					-66.0027	-65.7719			Dodman Island					Scuba Divers	coordinateUncertaintyInMeters defaulted from gearType=Scuba Divers	Scuba Divers | https://doi.org/10.5281/zenodo.8013721 | Scientific SCUBA diving was used to conduct underwater observations and sampling as part of the site characterisation and sampling strategy. Divers operated in shallow coastal areas to document habitats and carry out sampling tasks.	Dodman Island	https://data.aad.gov.au/aadc/gaz/scar/display_name.cfm?gaz_id=108535		-66.0027	-65.7719		1000	TRUE			FALSE	2023-02-28		Camille Moreau | Martin Dogniez	https://orcid.org/0000-0002-0981-7442 | https://orcid.org/0000-0002-9708-1761
https://www.wikidata.org/entity/Q119843670	SCUBA_16	2023-02-28T00:00:00Z		Francesca Pasotti	Lea Katz			https://orcid.org/0000-0002-8971-8195	https://orcid.org/0000-0001-5748-602X			1899-12-31T11:26:00Z	1899-12-31T11:46:00Z									-65.9986	-65.7876			Dodman Island					Scuba Divers	ST retrieval | coordinateUncertaintyInMeters defaulted from gearType=Scuba Divers	Scuba Divers | https://doi.org/10.5281/zenodo.8013721 | Scientific SCUBA diving was used to conduct underwater observations and sampling as part of the site characterisation and sampling strategy. Divers operated in shallow coastal areas to document habitats and carry out sampling tasks.	Dodman Island	https://data.aad.gov.au/aadc/gaz/scar/display_name.cfm?gaz_id=108535		-65.9986	-65.7876		1000	TRUE	14:26:00	14:46:00	FALSE	2023-02-28	14:26:00Z/14:46:00Z	Francesca Pasotti | Lea Katz	https://orcid.org/0000-0002-8971-8195 | https://orcid.org/0000-0001-5748-602X
https://www.wikidata.org/entity/Q119843670	SCUBA_17	2023-03-02T00:00:00Z		Lea Katz	Martin Dogniez			https://orcid.org/0000-0001-5748-602X	https://orcid.org/0000-0002-9708-1761			1899-12-31T09:30:00Z		67	33.112	67	12.89					-67.5519	-67.2148			Blaiklock Island					Scuba Divers	coordinateUncertaintyInMeters defaulted from gearType=Scuba Divers	Scuba Divers | https://doi.org/10.5281/zenodo.8013721 | Scientific SCUBA diving was used to conduct underwater observations and sampling as part of the site characterisation and sampling strategy. Divers operated in shallow coastal areas to document habitats and carry out sampling tasks.	Blaiklock Island	https://data.aad.gov.au/aadc/gaz/scar/display_name.cfm?gaz_id=107831		-67.5519	-67.2148		1000	TRUE	12:30:00		FALSE	2023-03-02	12:30:00Z	Lea Katz | Martin Dogniez	https://orcid.org/0000-0001-5748-602X | https://orcid.org/0000-0002-9708-1761
https://www.wikidata.org/entity/Q119843670	SCUBA_18	2023-03-02T00:00:00Z		Francesca Pasotti	Camille Moreau			https://orcid.org/0000-0002-8971-8195	https://orcid.org/0000-0002-0981-7442			1899-12-31T15:00:00Z	1899-12-31T15:36:00Z	67	33.112	67	12.89					-67.5519	-67.2148			Blaiklock Island					Scuba Divers	coordinateUncertaintyInMeters defaulted from gearType=Scuba Divers	Scuba Divers | https://doi.org/10.5281/zenodo.8013721 | Scientific SCUBA diving was used to conduct underwater observations and sampling as part of the site characterisation and sampling strategy. Divers operated in shallow coastal areas to document habitats and carry out sampling tasks.	Blaiklock Island	https://data.aad.gov.au/aadc/gaz/scar/display_name.cfm?gaz_id=107831		-67.5519	-67.2148		1000	TRUE	18:00:00	18:36:00	FALSE	2023-03-02	18:00:00Z/18:36:00Z	Francesca Pasotti | Camille Moreau	https://orcid.org/0000-0002-8971-8195 | https://orcid.org/0000-0002-0981-7442
https://www.wikidata.org/entity/Q119843670	SCUBA_19	2023-03-03T00:00:00Z		Camille Moreau	Martin Dogniez			https://orcid.org/0000-0002-0981-7442	https://orcid.org/0000-0002-9708-1761			1899-12-31T08:49:00Z	1899-12-31T09:30:00Z	67	33.112	67	12.89					-67.5519	-67.2148			Blaiklock Island		17			Scuba Divers	coordinateUncertaintyInMeters defaulted from gearType=Scuba Divers	Scuba Divers | https://doi.org/10.5281/zenodo.8013721 | Scientific SCUBA diving was used to conduct underwater observations and sampling as part of the site characterisation and sampling strategy. Divers operated in shallow coastal areas to document habitats and carry out sampling tasks.	Blaiklock Island	https://data.aad.gov.au/aadc/gaz/scar/display_name.cfm?gaz_id=107831		-67.5519	-67.2148		1000	TRUE	11:49:00	12:30:00	FALSE	2023-03-03	11:49:00Z/12:30:00Z	Camille Moreau | Martin Dogniez	https://orcid.org/0000-0002-0981-7442 | https://orcid.org/0000-0002-9708-1761
https://www.wikidata.org/entity/Q119843670	SCUBA_2	2023-02-20T00:00:00Z		Lea Katz	Martin Dogniez			https://orcid.org/0000-0001-5748-602X	https://orcid.org/0000-0002-9708-1761			1899-12-31T12:21:00Z	1899-12-31T12:39:00Z	66	0.016	65	46.643					-66.0003	-65.7774			Dodman Island	13				Scuba Divers	Sterechinus sampling | coordinateUncertaintyInMeters defaulted from gearType=Scuba Divers	Scuba Divers | https://doi.org/10.5281/zenodo.8013721 | Scientific SCUBA diving was used to conduct underwater observations and sampling as part of the site characterisation and sampling strategy. Divers operated in shallow coastal areas to document habitats and carry out sampling tasks.	Dodman Island	https://data.aad.gov.au/aadc/gaz/scar/display_name.cfm?gaz_id=108535		-66.0003	-65.7774		1000	TRUE	15:21:00	15:39:00	FALSE	2023-02-20	15:21:00Z/15:39:00Z	Lea Katz | Martin Dogniez	https://orcid.org/0000-0001-5748-602X | https://orcid.org/0000-0002-9708-1761
https://www.wikidata.org/entity/Q119843670	SCUBA_20	2023-03-03T00:00:00Z										1899-12-31T15:57:00Z	1899-12-31T16:23:00Z	67	32.994	67	14.952					-67.5499	-67.2492			Blaiklock Island		23			Scuba Divers	coordinateUncertaintyInMeters defaulted from gearType=Scuba Divers	Scuba Divers | https://doi.org/10.5281/zenodo.8013721 | Scientific SCUBA diving was used to conduct underwater observations and sampling as part of the site characterisation and sampling strategy. Divers operated in shallow coastal areas to document habitats and carry out sampling tasks.	Blaiklock Island	https://data.aad.gov.au/aadc/gaz/scar/display_name.cfm?gaz_id=107831		-67.5499	-67.2492		1000	TRUE	18:57:00	19:23:00	FALSE	2023-03-03	18:57:00Z/19:23:00Z		
https://www.wikidata.org/entity/Q119843670	SCUBA_21	2023-03-04T00:00:00Z		Camille Moreau	Martin Dogniez			https://orcid.org/0000-0002-0981-7442	https://orcid.org/0000-0002-9708-1761			1899-12-31T08:30:00Z	1899-12-31T09:20:00Z	67	32.994	67	14.852					-67.5499	-67.2475			Blaiklock Island					Scuba Divers	coordinateUncertaintyInMeters defaulted from gearType=Scuba Divers	Scuba Divers | https://doi.org/10.5281/zenodo.8013721 | Scientific SCUBA diving was used to conduct underwater observations and sampling as part of the site characterisation and sampling strategy. Divers operated in shallow coastal areas to document habitats and carry out sampling tasks.	Blaiklock Island	https://data.aad.gov.au/aadc/gaz/scar/display_name.cfm?gaz_id=107831		-67.5499	-67.2475		1000	TRUE	11:30:00	12:20:00	FALSE	2023-03-04	11:30:00Z/12:20:00Z	Camille Moreau | Martin Dogniez	https://orcid.org/0000-0002-0981-7442 | https://orcid.org/0000-0002-9708-1761
https://www.wikidata.org/entity/Q119843670	SCUBA_22	2023-03-04T00:00:00Z		Francesca Pasotti				https://orcid.org/0000-0002-8971-8195				1899-12-31T11:19:00Z	1899-12-31T11:38:00Z	67	32.994	67	14.852					-67.5499	-67.2475			Blaiklock Island		18			Scuba Divers	coordinateUncertaintyInMeters defaulted from gearType=Scuba Divers	Scuba Divers | https://doi.org/10.5281/zenodo.8013721 | Scientific SCUBA diving was used to conduct underwater observations and sampling as part of the site characterisation and sampling strategy. Divers operated in shallow coastal areas to document habitats and carry out sampling tasks.	Blaiklock Island	https://data.aad.gov.au/aadc/gaz/scar/display_name.cfm?gaz_id=107831		-67.5499	-67.2475		1000	TRUE	14:19:00	14:38:00	FALSE	2023-03-04	14:19:00Z/14:38:00Z	Francesca Pasotti	https://orcid.org/0000-0002-8971-8195
https://www.wikidata.org/entity/Q119843670	SCUBA_23	2023-03-05T00:00:00Z		Camille Moreau	Lea Katz	Martin Dogniez		https://orcid.org/0000-0002-0981-7442	https://orcid.org/0000-0001-5748-602X	https://orcid.org/0000-0002-9708-1761		1899-12-31T16:35:00Z	1899-12-31T17:12:00Z	67	30.3081	67	3.104					-67.5051	-67.0517			Blaiklock Island		24.8			Scuba Divers	SURVEY FOR SITE 2 BELOW ship | coordinateUncertaintyInMeters defaulted from gearType=Scuba Divers	Scuba Divers | https://doi.org/10.5281/zenodo.8013721 | Scientific SCUBA diving was used to conduct underwater observations and sampling as part of the site characterisation and sampling strategy. Divers operated in shallow coastal areas to document habitats and carry out sampling tasks.	Blaiklock Island	https://data.aad.gov.au/aadc/gaz/scar/display_name.cfm?gaz_id=107831		-67.5051	-67.0517		1000	TRUE	19:35:00	20:12:00	FALSE	2023-03-05	19:35:00Z/20:12:00Z	Camille Moreau | Lea Katz | Martin Dogniez	https://orcid.org/0000-0002-0981-7442 | https://orcid.org/0000-0001-5748-602X | https://orcid.org/0000-0002-9708-1761
https://www.wikidata.org/entity/Q119843670	SCUBA_24	2023-03-06T00:00:00Z		Lea Katz	Martin Dogniez			https://orcid.org/0000-0001-5748-602X	https://orcid.org/0000-0002-9708-1761			1899-12-31T09:29:00Z	1899-12-31T09:50:00Z	67	30.905	67	5.999					-67.5151	-67.1			Blaiklock Island			26		Scuba Divers	Halted: frozen REG (LK) | coordinateUncertaintyInMeters defaulted from gearType=Scuba Divers	Scuba Divers | https://doi.org/10.5281/zenodo.8013721 | Scientific SCUBA diving was used to conduct underwater observations and sampling as part of the site characterisation and sampling strategy. Divers operated in shallow coastal areas to document habitats and carry out sampling tasks.	Blaiklock Island	https://data.aad.gov.au/aadc/gaz/scar/display_name.cfm?gaz_id=107831		-67.5151	-67.1		1000	TRUE	12:29:00	12:50:00	FALSE	2023-03-06	12:29:00Z/12:50:00Z	Lea Katz | Martin Dogniez	https://orcid.org/0000-0001-5748-602X | https://orcid.org/0000-0002-9708-1761
https://www.wikidata.org/entity/Q119843670	SCUBA_25	2023-03-06T00:00:00Z		Francesca Pasotti	Camille Moreau			https://orcid.org/0000-0002-8971-8195	https://orcid.org/0000-0002-0981-7442			1899-12-31T09:46:00Z	1899-12-31T10:16:00Z	67	31.034	67	6.432					-67.5172	-67.1072			Blaiklock Island			21		Scuba Divers	Incubation core + meiocore | coordinateUncertaintyInMeters defaulted from gearType=Scuba Divers	Scuba Divers | https://doi.org/10.5281/zenodo.8013721 | Scientific SCUBA diving was used to conduct underwater observations and sampling as part of the site characterisation and sampling strategy. Divers operated in shallow coastal areas to document habitats and carry out sampling tasks.	Blaiklock Island	https://data.aad.gov.au/aadc/gaz/scar/display_name.cfm?gaz_id=107831		-67.5172	-67.1072		1000	TRUE	12:46:00	13:16:00	FALSE	2023-03-06	12:46:00Z/13:16:00Z	Francesca Pasotti | Camille Moreau	https://orcid.org/0000-0002-8971-8195 | https://orcid.org/0000-0002-0981-7442
https://www.wikidata.org/entity/Q119843670	SCUBA_26	2023-03-06T00:00:00Z		Francesca Pasotti	Camille Moreau	Martin Dogniez		https://orcid.org/0000-0002-8971-8195	https://orcid.org/0000-0002-0981-7442	https://orcid.org/0000-0002-9708-1761		1899-12-31T14:05:00Z	1899-12-31T14:31:00Z	67	30.905	67	5.999					-67.5151	-67.1			Blaiklock Island			23		Scuba Divers	MD quadrats + sea urchins | coordinateUncertaintyInMeters defaulted from gearType=Scuba Divers	Scuba Divers | https://doi.org/10.5281/zenodo.8013721 | Scientific SCUBA diving was used to conduct underwater observations and sampling as part of the site characterisation and sampling strategy. Divers operated in shallow coastal areas to document habitats and carry out sampling tasks.	Blaiklock Island	https://data.aad.gov.au/aadc/gaz/scar/display_name.cfm?gaz_id=107831		-67.5151	-67.1		1000	TRUE	17:05:00	17:31:00	FALSE	2023-03-06	17:05:00Z/17:31:00Z	Francesca Pasotti | Camille Moreau | Martin Dogniez	https://orcid.org/0000-0002-8971-8195 | https://orcid.org/0000-0002-0981-7442 | https://orcid.org/0000-0002-9708-1761
https://www.wikidata.org/entity/Q119843670	SCUBA_27	2023-03-07T00:00:00Z		Lea Katz	Martin Dogniez			https://orcid.org/0000-0001-5748-602X	https://orcid.org/0000-0002-9708-1761			1899-12-31T09:03:00Z	1899-12-31T09:40:00Z	67	30.905	67	5.999					-67.5151	-67.1			Blaiklock Island					Scuba Divers	MD Quadrats + Sea Urchins | coordinateUncertaintyInMeters defaulted from gearType=Scuba Divers	Scuba Divers | https://doi.org/10.5281/zenodo.8013721 | Scientific SCUBA diving was used to conduct underwater observations and sampling as part of the site characterisation and sampling strategy. Divers operated in shallow coastal areas to document habitats and carry out sampling tasks.	Blaiklock Island	https://data.aad.gov.au/aadc/gaz/scar/display_name.cfm?gaz_id=107831		-67.5151	-67.1		1000	TRUE	12:03:00	12:40:00	FALSE	2023-03-07	12:03:00Z/12:40:00Z	Lea Katz | Martin Dogniez	https://orcid.org/0000-0001-5748-602X | https://orcid.org/0000-0002-9708-1761
https://www.wikidata.org/entity/Q119843670	SCUBA_28	2023-03-07T00:00:00Z		Francesca Pasotti				https://orcid.org/0000-0002-8971-8195				1899-12-31T11:36:00Z	1899-12-31T12:00:00Z	67	31.031	67	6.427					-67.5172	-67.1071			Blaiklock Island			19		Scuba Divers	3 cores for macrofauna | coordinateUncertaintyInMeters defaulted from gearType=Scuba Divers	Scuba Divers | https://doi.org/10.5281/zenodo.8013721 | Scientific SCUBA diving was used to conduct underwater observations and sampling as part of the site characterisation and sampling strategy. Divers operated in shallow coastal areas to document habitats and carry out sampling tasks.	Blaiklock Island	https://data.aad.gov.au/aadc/gaz/scar/display_name.cfm?gaz_id=107831		-67.5172	-67.1071		1000	TRUE	14:36:00	15:00:00	FALSE	2023-03-07	14:36:00Z/15:00:00Z	Francesca Pasotti	https://orcid.org/0000-0002-8971-8195
https://www.wikidata.org/entity/Q119843670	SCUBA_29	2023-03-07T00:00:00Z		Martin Dogniez	Camille Moreau			https://orcid.org/0000-0002-9708-1761	https://orcid.org/0000-0002-0981-7442			1899-12-31T14:15:00Z	1899-12-31T14:49:00Z	67	30.195	67	7.834					-67.5032	-67.1306			Blaiklock Island			23		Scuba Divers	Site 2B (Seamount) | coordinateUncertaintyInMeters defaulted from gearType=Scuba Divers	Scuba Divers | https://doi.org/10.5281/zenodo.8013721 | Scientific SCUBA diving was used to conduct underwater observations and sampling as part of the site characterisation and sampling strategy. Divers operated in shallow coastal areas to document habitats and carry out sampling tasks.	Blaiklock Island	https://data.aad.gov.au/aadc/gaz/scar/display_name.cfm?gaz_id=107831		-67.5032	-67.1306		1000	TRUE	17:15:00	17:49:00	FALSE	2023-03-07	17:15:00Z/17:49:00Z	Martin Dogniez | Camille Moreau	https://orcid.org/0000-0002-9708-1761 | https://orcid.org/0000-0002-0981-7442
https://www.wikidata.org/entity/Q119843670	SCUBA_3	2023-02-20T00:00:00Z		Francesca Pasotti	Martin Dogniez			https://orcid.org/0000-0002-8971-8195	https://orcid.org/0000-0002-9708-1761			1899-12-31T14:34:00Z	1899-12-31T14:50:00Z	66	0.016	65	46.643					-66.0003	-65.7774			Dodman Island	12				Scuba Divers	Glove Leak FP + core dysfunction | coordinateUncertaintyInMeters defaulted from gearType=Scuba Divers	Scuba Divers | https://doi.org/10.5281/zenodo.8013721 | Scientific SCUBA diving was used to conduct underwater observations and sampling as part of the site characterisation and sampling strategy. Divers operated in shallow coastal areas to document habitats and carry out sampling tasks.	Dodman Island	https://data.aad.gov.au/aadc/gaz/scar/display_name.cfm?gaz_id=108535		-66.0003	-65.7774		1000	TRUE	17:34:00	17:50:00	FALSE	2023-02-20	17:34:00Z/17:50:00Z	Francesca Pasotti | Martin Dogniez	https://orcid.org/0000-0002-8971-8195 | https://orcid.org/0000-0002-9708-1761
https://www.wikidata.org/entity/Q119843670	SCUBA_30	2023-03-07T00:00:00Z		Francesca Pasotti	Lea Katz			https://orcid.org/0000-0002-8971-8195	https://orcid.org/0000-0001-5748-602X			1899-12-31T17:18:00Z	1899-12-31T17:28:00Z	67	33.027	67	13.312					-67.5504	-67.2219			Blaiklock Island					Scuba Divers	CFR ST_2 retrieval | coordinateUncertaintyInMeters defaulted from gearType=Scuba Divers	Scuba Divers | https://doi.org/10.5281/zenodo.8013721 | Scientific SCUBA diving was used to conduct underwater observations and sampling as part of the site characterisation and sampling strategy. Divers operated in shallow coastal areas to document habitats and carry out sampling tasks.	Blaiklock Island	https://data.aad.gov.au/aadc/gaz/scar/display_name.cfm?gaz_id=107831		-67.5504	-67.2219		1000	TRUE	20:18:00	20:28:00	FALSE	2023-03-07	20:18:00Z/20:28:00Z	Francesca Pasotti | Lea Katz	https://orcid.org/0000-0002-8971-8195 | https://orcid.org/0000-0001-5748-602X
https://www.wikidata.org/entity/Q119843670	SCUBA_4	2023-02-21T00:00:00Z		Francesca Pasotti	Camille Moreau			https://orcid.org/0000-0002-8971-8195	https://orcid.org/0000-0002-0981-7442			1899-12-31T09:32:00Z	1899-12-31T10:10:00Z	66	0.016	65	46.643					-66.0003	-65.7774			Dodman Island		21			Scuba Divers	coordinateUncertaintyInMeters defaulted from gearType=Scuba Divers	Scuba Divers | https://doi.org/10.5281/zenodo.8013721 | Scientific SCUBA diving was used to conduct underwater observations and sampling as part of the site characterisation and sampling strategy. Divers operated in shallow coastal areas to document habitats and carry out sampling tasks.	Dodman Island	https://data.aad.gov.au/aadc/gaz/scar/display_name.cfm?gaz_id=108535		-66.0003	-65.7774		1000	TRUE	12:32:00	13:10:00	FALSE	2023-02-21	12:32:00Z/13:10:00Z	Francesca Pasotti | Camille Moreau	https://orcid.org/0000-0002-8971-8195 | https://orcid.org/0000-0002-0981-7442
https://www.wikidata.org/entity/Q119843670	SCUBA_5	2023-02-21T00:00:00Z		Martin Dogniez	Lea Katz			https://orcid.org/0000-0002-9708-1761	https://orcid.org/0000-0001-5748-602X			1899-12-31T11:29:00Z	1899-12-31T12:07:00Z	65	59.984	65	46.784					-65.9997	-65.7797			Dodman Island		19			Scuba Divers	coordinateUncertaintyInMeters defaulted from gearType=Scuba Divers	Scuba Divers | https://doi.org/10.5281/zenodo.8013721 | Scientific SCUBA diving was used to conduct underwater observations and sampling as part of the site characterisation and sampling strategy. Divers operated in shallow coastal areas to document habitats and carry out sampling tasks.	Dodman Island	https://data.aad.gov.au/aadc/gaz/scar/display_name.cfm?gaz_id=108535		-65.9997	-65.7797		1000	TRUE	14:29:00	15:07:00	FALSE	2023-02-21	14:29:00Z/15:07:00Z	Martin Dogniez | Lea Katz	https://orcid.org/0000-0002-9708-1761 | https://orcid.org/0000-0001-5748-602X
https://www.wikidata.org/entity/Q119843670	SCUBA_6	2023-02-22T00:00:00Z		Francesca Pasotti	Camille Moreau			https://orcid.org/0000-0002-8971-8195	https://orcid.org/0000-0002-0981-7442			1899-12-31T09:34:00Z	1899-12-31T10:03:00Z	66	0.027	65	46.75					-66.0004	-65.7792			Dodman Island					Scuba Divers	coordinateUncertaintyInMeters defaulted from gearType=Scuba Divers	Scuba Divers | https://doi.org/10.5281/zenodo.8013721 | Scientific SCUBA diving was used to conduct underwater observations and sampling as part of the site characterisation and sampling strategy. Divers operated in shallow coastal areas to document habitats and carry out sampling tasks.	Dodman Island	https://data.aad.gov.au/aadc/gaz/scar/display_name.cfm?gaz_id=108535		-66.0004	-65.7792		1000	TRUE	12:34:00	13:03:00	FALSE	2023-02-22	12:34:00Z/13:03:00Z	Francesca Pasotti | Camille Moreau	https://orcid.org/0000-0002-8971-8195 | https://orcid.org/0000-0002-0981-7442
https://www.wikidata.org/entity/Q119843670	SCUBA_7	2023-02-22T00:00:00Z		Camille Moreau	Martin Dogniez			https://orcid.org/0000-0002-0981-7442	https://orcid.org/0000-0002-9708-1761			1899-12-31T14:54:00Z	1899-12-31T15:34:00Z	65	59.984	65	46.784					-65.9997	-65.7797			Dodman Island	0	19			Scuba Divers	coordinateUncertaintyInMeters defaulted from gearType=Scuba Divers	Scuba Divers | https://doi.org/10.5281/zenodo.8013721 | Scientific SCUBA diving was used to conduct underwater observations and sampling as part of the site characterisation and sampling strategy. Divers operated in shallow coastal areas to document habitats and carry out sampling tasks.	Dodman Island	https://data.aad.gov.au/aadc/gaz/scar/display_name.cfm?gaz_id=108535		-65.9997	-65.7797		1000	TRUE	17:54:00	18:34:00	FALSE	2023-02-22	17:54:00Z/18:34:00Z	Camille Moreau | Martin Dogniez	https://orcid.org/0000-0002-0981-7442 | https://orcid.org/0000-0002-9708-1761
https://www.wikidata.org/entity/Q119843670	SCUBA_8	2023-02-23T00:00:00Z		Martin Dogniez	Lea Katz			https://orcid.org/0000-0002-9708-1761	https://orcid.org/0000-0001-5748-602X			1899-12-31T09:45:00Z	1899-12-31T10:25:00Z	65	59.85	65	47.406					-65.9975	-65.7901			Dodman Island	0	13			Scuba Divers	coordinateUncertaintyInMeters defaulted from gearType=Scuba Divers	Scuba Divers | https://doi.org/10.5281/zenodo.8013721 | Scientific SCUBA diving was used to conduct underwater observations and sampling as part of the site characterisation and sampling strategy. Divers operated in shallow coastal areas to document habitats and carry out sampling tasks.	Dodman Island	https://data.aad.gov.au/aadc/gaz/scar/display_name.cfm?gaz_id=108535		-65.9975	-65.7901		1000	TRUE	12:45:00	13:25:00	FALSE	2023-02-23	12:45:00Z/13:25:00Z	Martin Dogniez | Lea Katz	https://orcid.org/0000-0002-9708-1761 | https://orcid.org/0000-0001-5748-602X
https://www.wikidata.org/entity/Q119843670	SCUBA_9	2023-02-23T00:00:00Z		Camille Moreau	Francesca Pasotti			https://orcid.org/0000-0002-0981-7442	https://orcid.org/0000-0002-8971-8195			1899-12-31T16:00:00Z	1899-12-31T16:35:00Z	65	59.9	65	47.386					-65.9983	-65.7898			Dodman Island	0	17.9			Scuba Divers	coordinateUncertaintyInMeters defaulted from gearType=Scuba Divers	Scuba Divers | https://doi.org/10.5281/zenodo.8013721 | Scientific SCUBA diving was used to conduct underwater observations and sampling as part of the site characterisation and sampling strategy. Divers operated in shallow coastal areas to document habitats and carry out sampling tasks.	Dodman Island	https://data.aad.gov.au/aadc/gaz/scar/display_name.cfm?gaz_id=108535		-65.9983	-65.7898		1000	TRUE	19:00:00	19:35:00	FALSE	2023-02-23	19:00:00Z/19:35:00Z	Camille Moreau | Francesca Pasotti	https://orcid.org/0000-0002-0981-7442 | https://orcid.org/0000-0002-8971-8195
https://www.wikidata.org/entity/Q119843670	SEAICE_1	2023-02-25T00:00:00Z		Bruno Delille	Axelle Brusselman			https://orcid.org/0000-0003-0502-8101	https://orcid.org/0009-0002-6669-2911			1899-12-31T09:00:00Z	1899-12-31T15:30:00Z	66	1.5172	65	6.4594	66	1.224	65	50.51	-66.0253	-65.1077	-66.0204	-65.8418	Grandidier Channel	0	2			Sea ice works		Sea ice works | https://doi.org/10.5281/zenodo.8013721 | Sea ice work was designed to complement the sampling strategy of the water column. Two drifting ice floes were sampled near the main study sites. Sampling included the collection of ice cores, microlayer samples and under-ice seawater to capture physical, biological and biogeochemical parameters.	Grandidier Channel	https://data.aad.gov.au/aadc/gaz/scar/display_name.cfm?gaz_id=109091	LINESTRING (-65.1077 -66.0253, -65.8418 -66.0204)	-66.0228	-65.4748	33212.88551284906	16606	FALSE	12:00:00	18:30:00	FALSE	2023-02-25	12:00:00Z/18:30:00Z	Bruno Delille | Axelle Brusselman	https://orcid.org/0000-0003-0502-8101 | https://orcid.org/0009-0002-6669-2911
https://www.wikidata.org/entity/Q119843670	ST_1	2023-02-19T00:00:00Z		Bruno Delille	Axelle Brusselman			https://orcid.org/0000-0003-0502-8101	https://orcid.org/0009-0002-6669-2911			1899-12-31T11:45:00Z										-65.9884	-65.7876			Dodman Island	18				Sedimet Traps	Deployment | coordinateUncertaintyInMeters defaulted from gearType=Sedimet Traps	Sedimet Traps | https://doi.org/10.5281/zenodo.8013721 | NA	Dodman Island	https://data.aad.gov.au/aadc/gaz/scar/display_name.cfm?gaz_id=108535		-65.9884	-65.7876		1000	TRUE	14:45:00		FALSE	2023-02-19	14:45:00Z	Bruno Delille | Axelle Brusselman	https://orcid.org/0000-0003-0502-8101 | https://orcid.org/0009-0002-6669-2911
https://www.wikidata.org/entity/Q119843670	ST_2	2023-03-02T00:00:00Z	2023-03-07T00:00:00Z	Bruno Delille	Axelle Brusselman			https://orcid.org/0000-0003-0502-8101	https://orcid.org/0009-0002-6669-2911			1899-12-31T09:20:00Z	1899-12-31T17:15:00Z	67	33.027	67	13.312	67	33.027	67	13.312	-67.5504	-67.2219	-67.5504	-67.2219	Blaiklock Island		18			Sedimet Traps	Recovery via SCUBA_30	Sedimet Traps | https://doi.org/10.5281/zenodo.8013721 | NA	Blaiklock Island	https://data.aad.gov.au/aadc/gaz/scar/display_name.cfm?gaz_id=107831	LINESTRING (-67.2219 -67.5504, -67.2219 -67.5504)	-67.5504	-67.2219	0	0	FALSE	12:20:00	20:15:00	TRUE	2023-03-02T12:20:00Z/2023-03-07T20:15:00Z		Bruno Delille | Axelle Brusselman	https://orcid.org/0000-0003-0502-8101 | https://orcid.org/0009-0002-6669-2911
https://www.wikidata.org/entity/Q119843670	VV_1	2023-02-22T00:00:00Z		Francesca Pasotti	Ben Wallis			https://orcid.org/0000-0002-8971-8195				1899-12-31T10:00:00Z	1899-12-31T10:30:00Z	66	0.027	65	46.75					-66.0004	-65.7792			Dodman Island					VanVeen grab	coordinateUncertaintyInMeters defaulted from gearType=VanVeen grab	VanVeen grab | https://doi.org/10.5281/zenodo.8013721 | Soft-bottom sediment samples were collected using a Van Veen grab to estimate the abundance and biomass of macrobenthic infauna. Collected sediments were sieved on a 1 mm mesh to retain organisms.	Dodman Island	https://data.aad.gov.au/aadc/gaz/scar/display_name.cfm?gaz_id=108535		-66.0004	-65.7792		1000	TRUE	13:00:00	13:30:00	FALSE	2023-02-22	13:00:00Z/13:30:00Z	Francesca Pasotti | Ben Wallis	https://orcid.org/0000-0002-8971-8195
https://www.wikidata.org/entity/Q119843670	VV_2	2023-02-24T00:00:00Z		Francesca Pasotti				https://orcid.org/0000-0002-8971-8195				1899-12-31T14:00:00Z	1899-12-31T14:30:00Z	65	59.85	65	47.406					-65.9975	-65.7901			Dodman Island					VanVeen grab	coordinateUncertaintyInMeters defaulted from gearType=VanVeen grab	VanVeen grab | https://doi.org/10.5281/zenodo.8013721 | Soft-bottom sediment samples were collected using a Van Veen grab to estimate the abundance and biomass of macrobenthic infauna. Collected sediments were sieved on a 1 mm mesh to retain organisms.	Dodman Island	https://data.aad.gov.au/aadc/gaz/scar/display_name.cfm?gaz_id=108535		-65.9975	-65.7901		1000	TRUE	17:00:00	17:30:00	FALSE	2023-02-24	17:00:00Z/17:30:00Z	Francesca Pasotti	https://orcid.org/0000-0002-8971-8195
https://www.wikidata.org/entity/Q119843670	VV_3	2023-02-26T00:00:00Z		Martin Dogniez	Bruno Danis			https://orcid.org/0000-0002-9708-1761	https://orcid.org/0000-0002-9037-7623			1899-12-31T10:00:00Z	1899-12-31T10:30:00Z	65	59.9	65	47.313					-65.9983	-65.7886			Dodman Island		25.2			VanVeen grab	coordinateUncertaintyInMeters defaulted from gearType=VanVeen grab	VanVeen grab | https://doi.org/10.5281/zenodo.8013721 | Soft-bottom sediment samples were collected using a Van Veen grab to estimate the abundance and biomass of macrobenthic infauna. Collected sediments were sieved on a 1 mm mesh to retain organisms.	Dodman Island	https://data.aad.gov.au/aadc/gaz/scar/display_name.cfm?gaz_id=108535		-65.9983	-65.7886		1000	TRUE	13:00:00	13:30:00	FALSE	2023-02-26	13:00:00Z/13:30:00Z	Martin Dogniez | Bruno Danis	https://orcid.org/0000-0002-9708-1761 | https://orcid.org/0000-0002-9037-7623
https://www.wikidata.org/entity/Q119843670	VV_4	2023-02-28T00:00:00Z		Francesca Pasotti	Bruno Danis			https://orcid.org/0000-0002-8971-8195	https://orcid.org/0000-0002-9037-7623			1899-12-31T10:00:00Z	1899-12-31T10:30:00Z	66	0.05715	65	46.4785					-66.001	-65.7746			Blaiklock Island					VanVeen grab	coordinateUncertaintyInMeters defaulted from gearType=VanVeen grab	VanVeen grab | https://doi.org/10.5281/zenodo.8013721 | Soft-bottom sediment samples were collected using a Van Veen grab to estimate the abundance and biomass of macrobenthic infauna. Collected sediments were sieved on a 1 mm mesh to retain organisms.	Blaiklock Island	https://data.aad.gov.au/aadc/gaz/scar/display_name.cfm?gaz_id=107831		-66.001	-65.7746		1000	TRUE	13:00:00	13:30:00	FALSE	2023-02-28	13:00:00Z/13:30:00Z	Francesca Pasotti | Bruno Danis	https://orcid.org/0000-0002-8971-8195 | https://orcid.org/0000-0002-9037-7623
https://www.wikidata.org/entity/Q119843670	VV_5	2023-03-02T00:00:00Z		Francesca Pasotti	Marius Buydens			https://orcid.org/0000-0002-8971-8195	https://orcid.org/0000-0002-5199-9817			1899-12-31T12:00:00Z	1899-12-31T14:30:00Z	67	33.112	67	12.89					-67.5519	-67.2148			Blaiklock Island					VanVeen grab	coordinateUncertaintyInMeters defaulted from gearType=VanVeen grab	VanVeen grab | https://doi.org/10.5281/zenodo.8013721 | Soft-bottom sediment samples were collected using a Van Veen grab to estimate the abundance and biomass of macrobenthic infauna. Collected sediments were sieved on a 1 mm mesh to retain organisms.	Blaiklock Island	https://data.aad.gov.au/aadc/gaz/scar/display_name.cfm?gaz_id=107831		-67.5519	-67.2148		1000	TRUE	15:00:00	17:30:00	FALSE	2023-03-02	15:00:00Z/17:30:00Z	Francesca Pasotti | Marius Buydens	https://orcid.org/0000-0002-8971-8195 | https://orcid.org/0000-0002-5199-9817
https://www.wikidata.org/entity/Q119843670	VV_6	2023-03-04T00:00:00Z		Bruno Danis				https://orcid.org/0000-0002-9037-7623				1899-12-31T11:00:00Z	1899-12-31T11:15:00Z	67	32.994	67	14.852					-67.5499	-67.2475			Blaiklock Island		16			VanVeen grab	coordinateUncertaintyInMeters defaulted from gearType=VanVeen grab	VanVeen grab | https://doi.org/10.5281/zenodo.8013721 | Soft-bottom sediment samples were collected using a Van Veen grab to estimate the abundance and biomass of macrobenthic infauna. Collected sediments were sieved on a 1 mm mesh to retain organisms.	Blaiklock Island	https://data.aad.gov.au/aadc/gaz/scar/display_name.cfm?gaz_id=107831		-67.5499	-67.2475		1000	TRUE	14:00:00	14:15:00	FALSE	2023-03-04	14:00:00Z/14:15:00Z	Bruno Danis	https://orcid.org/0000-0002-9037-7623
https://www.wikidata.org/entity/Q119843670	VV_7	2023-03-07T00:00:00Z		Francesca Pasotti	Marius Buydens			https://orcid.org/0000-0002-8971-8195	https://orcid.org/0000-0002-5199-9817			1899-12-31T09:30:00Z	1899-12-31T10:00:00Z	67	31.031	67	7.427					-67.5172	-67.1238			Blaiklock Island					VanVeen grab	Failed, same as SCUBA_28 | coordinateUncertaintyInMeters defaulted from gearType=VanVeen grab	VanVeen grab | https://doi.org/10.5281/zenodo.8013721 | Soft-bottom sediment samples were collected using a Van Veen grab to estimate the abundance and biomass of macrobenthic infauna. Collected sediments were sieved on a 1 mm mesh to retain organisms.	Blaiklock Island	https://data.aad.gov.au/aadc/gaz/scar/display_name.cfm?gaz_id=107831		-67.5172	-67.1238		1000	TRUE	12:30:00	13:00:00	FALSE	2023-03-07	12:30:00Z/13:00:00Z	Francesca Pasotti | Marius Buydens	https://orcid.org/0000-0002-8971-8195 | https://orcid.org/0000-0002-5199-9817
https://www.wikidata.org/entity/Q119843670	ZZ_1	2023-02-20T00:00:00Z										1899-12-31T09:30:00Z	1899-12-31T11:00:00Z	66	0.016	65	46.643					-66.0003	-65.7774			Dodman Island	0				Bombard C4	Scouting | coordinateUncertaintyInMeters defaulted from gearType=Bombard C4	Bombard C4 | https://doi.org/10.5281/zenodo.8013721 | A Bombard C4 inflatable tender was used to access shallow or restricted areas where the main vessel could not operate. The tender supported scouting, bathymetric surveys and deployment or recovery of scientific gear.	Dodman Island	https://data.aad.gov.au/aadc/gaz/scar/display_name.cfm?gaz_id=108535		-66.0003	-65.7774		100	TRUE	12:30:00	14:00:00	FALSE	2023-02-20	12:30:00Z/14:00:00Z		
